2016;Robert M. Hierons;The dreaded desk reject.;3;1;Volume 26, Number 1, January 2016;
2016;Shadi Ghaith,Miao Wang 0002,Philip Perry,Zhen Ming Jiang,Patrick O'Sullivan,John Murphy 0001;Anomaly detection in performance regression testing by transaction profile estimation.;4-39;36;Volume 26, Number 1, January 2016;
2016;Alex Groce,Mohammad Amin Alipour,Chaoqiang Zhang,Yang Chen,John Regehr;Cause reduction: delta debugging, even without bugs.;40-68;29;Volume 26, Number 1, January 2016;
2016;Frolin S. Ocariza Jr.,Guanpeng Li,Karthik Pattabiraman,Ali Mesbah 0001;Automatic fault localization for client-side JavaScript.;69-88;20;Volume 26, Number 1, January 2016;
2016;Jeff Offutt;How to revise a research paper.;92-94;3;Volume 26, Number 2, March 2016;
2016;Pedro Luis Mateo Navarro,Diego Sevilla Ruiz,Gregorio Martinez Perez;A lightweight framework for dynamic GUI data verification based on scripts.;95-118;24;Volume 26, Number 2, March 2016;
2016;Michael Felderer,Philipp Zech,Ruth Breu,Matthias Buchler,Alexander Pretschner;Model-based security testing: a taxonomy and systematic classification.;119-148;30;Volume 26, Number 2, March 2016;
2016;Hongda Wang,Jianchun Xing,Qiliang Yang,Wei Song 0003,Xuewei Zhang;Generating effective test cases based on satisfiability modulo theory solvers for service-oriented workflow applications.;149-169;21;Volume 26, Number 2, March 2016;
2016;Jeff Offutt;"How to write an effective ""Response to Reviewers"" letter.";174-175;2;Volume 26, Number 3, May 2016;
2016;Junjie Xu,Rong Chen,Zhenjun Du;Probabilistic reasoning in diagnosing causes of program failures.;176-210;35;Volume 26, Number 3, May 2016;
2016;Hernan Czemerinski,Victor A. Braberman,Sebastian Uchitel;Behaviour abstraction adequacy criteria for API call protocol testing.;211-244;34;Volume 26, Number 3, May 2016;
2016;Upulee Kanewala,James M. Bieman,Asa Ben-Hur;Predicting metamorphic relations for testing scientific software: a machine learning approach using graph kernels.;245-269;25;Volume 26, Number 3, May 2016;
2016;Jeff Offutt;Editorial: STVR policy on extending conference papers to journal submissions.;274-275;2;Volume 26, Number 4, June 2016;
2016;Kuan-Li Peng,Chin-Yu Huang;Stochastic modelling and simulation approaches to analysing enhanced fault tolerance on service-based software systems.;276-293;18;Volume 26, Number 4, June 2016;
2016;Marc Aiguier,Agnes Arnould,Pascale Le Gall,Delphine Longuet;Exhaustive test sets for algebraic specifications.;294-317;24;Volume 26, Number 4, June 2016;
2016;Wenhua Wang,Sreedevi Sampath,Yu Lei,Raghu Kacker,D. Richard Kuhn,James Lawrence;Using combinatorial testing to build navigation graphs for dynamic web applications.;318-346;29;Volume 26, Number 4, June 2016;
2016;Jeff Offutt;Editorial: Changes to STVR's Editorial Board.;350;1;Volume 26, Number 5, August 2016;
2016;Yu Liu,Duo Li,Lujia Wang,Qingpei Hu;A general modeling and analysis framework for software fault detection and correction process.;351-365;15;Volume 26, Number 5, August 2016;
2016;Jose Miguel Rojas Siles,Gordon Fraser,Andrea Arcuri;Seeding strategies in search-based unit test generation.;366-401;36;Volume 26, Number 5, August 2016;
2016;Everton L. G. Alves,Patricia D. L. Machado,Tiago Massoni,Miryung Kim;Prioritizing test cases for early detection of refactoring faults.;402-426;25;Volume 26, Number 5, August 2016;
2016;Robert M. Hierons;Editorial.;430;1;Volume 26, Number 6, September 2016;
2016;Bing Liu,Lucia,Shiva Nejati,Lionel C. Briand,Thomas Bruckmann;Simulink fault localization: an iterative statistical debugging approach.;431-459;29;Volume 26, Number 6, September 2016;
2016;Rawad Abou Assi,Wes Masri,Fadi A. Zaraket;UCov: a user-defined coverage criterion for test case intent verification.;460-491;32;Volume 26, Number 6, September 2016;
2016;Jeff Offutt;Editorial: How to extend a conference paper to a journal paper.;496-497;2;Volume 26, Number 7, November 2016;
2016;Tiejian Wang,Zhiwu Zhang,Xiaoyuan Jing,Yanli Liu;Non-negative sparse-based SemiBoost for software defect prediction.;498-515;18;Volume 26, Number 7, November 2016;
2016;Ciprian Teodorov,Luka Leroux,Zoe Drey,Philippe Dhaussy;Past-Free[ze] reachability analysis: reaching further with DAG-directed exhaustive state-space analysis.;516-542;27;Volume 26, Number 7, November 2016;
2016;Jeff Offutt;Editorial: The Downward Death Spiral Review Process.;546-547;2;Volume 26, Number 8, December 2016;
2016;Suman Roy,Janardan Misra,Indranil Saha;A simplification of a real-time verification problem.;548-571;24;Volume 26, Number 8, December 2016;
2015;Jeff Offutt;Editorial: Plagiarism Is For Losers.;1-3;3;Volume 25, Number 1, January 2015;
2015;Jan Friso Groote,Tim W. D. M. Kouters,Ammar Osaiweran;Specification guidelines to avoid the state space explosion problem.;4-33;30;Volume 25, Number 1, January 2015;
2015;Achim D. Brucker,Lukas Brugger,Burkhart Wolff;Formal firewall conformance testing: an application of test and proof techniques.;34-71;38;Volume 25, Number 1, January 2015;
2015;Jeff Offutt;Editorial: Who Is An Author?;73-76;4;Volume 25, Number 2, March 2015;
2015;Zhihong Xu,Yunho Kim,Moonzoo Kim,Myra B. Cohen,Gregg Rothermel;Directed test suite augmentation: an empirical investigation.;77-114;38;Volume 25, Number 2, March 2015;
2015;Joan Farjo,Rawad Abou Assi,Wes Masri;Reducing execution profiles: techniques and benefits.;115-137;23;Volume 25, Number 2, March 2015;
2015;Sergio Segura,Amador Duran Toro,Ana B. Sanchez,Daniel Le Berre,Emmanuel Lonca,Antonio Ruiz Cortes;Automated metamorphic testing of variability analysis tools.;138-163;26;Volume 25, Number 2, March 2015;
2015;Eitan Farchi,Robert M. Hierons,Joao Lourenco;Special issue on testing, analysis and debugging of concurrent programs.;165-166;2;Volume 25, Number 3, May 2015;
2015;Sangmin Park,Richard W. Vuduc,Mary Jean Harrold;UNICORN: a unified approach for localizing non-deadlock concurrency bugs.;167-190;24;Volume 25, Number 3, May 2015;
2015;Shin Hong,Moonzoo Kim;A survey of race bug detection techniques for multithreaded programmes.;191-217;27;Volume 25, Number 3, May 2015;
2015;Elvira Albert,Puri Arenas-Sanchez,Jesus Correas Fernandez,Samir Genaim,Miguel Gomez-Zamalloa,German Puebla,Guillermo Roman-Diez;Object-sensitive cost analysis for concurrent objects.;218-271;54;Volume 25, Number 3, May 2015;
2015;Jan Fiedor,Vendula Hruba,Bohuslav Krena,Zdenek Letko,S. Ur,Tomas Vojnar;Advances in noise-based testing of concurrent software.;272-309;38;Volume 25, Number 3, May 2015;
2015;Simone R. S. Souza,Paulo S. L. Souza,Maria A. S. Brito,Adenilso da Silva Simao,Ed Zaluska;Empirical evaluation of a new composite approach to the coverage criteria and reachability testing of concurrent programs.;310-332;23;Volume 25, Number 3, May 2015;
2015;Benoit Baudry,Alessandro Orso;Special issue for the ICST 2013 conference.;333;1;Volume 25, Number 4, June 2015;
2015;Shin Hong,Matthew Staats,Jaemin Ahn,Moonzoo Kim,Gregg Rothermel;Are concurrency coverage metrics effective for testing: a comprehensive empirical investigation.;334-370;37;Volume 25, Number 4, June 2015;
2015;Daniel Di Nardo,Nadia Alshahwan,Lionel C. Briand,Yvan Labiche;Coverage-based regression test case selection, minimization and prioritization: a case study on an industrial system.;371-396;26;Volume 25, Number 4, June 2015;
2015;Yu Lin,Danny Dig;A study and toolkit of CHECK-THEN-ACT idioms of Java concurrent collections.;397-425;29;Volume 25, Number 4, June 2015;
2015;Gerardo Canfora,Andrea De Lucia,Massimiliano Di Penta,Rocco Oliveto,Annibale Panichella,Sebastiano Panichella;Defect prediction as a multiobjective optimization problem.;426-459;34;Volume 25, Number 4, June 2015;
2015;Yue Jia,Mercedes G. Merayo,Mark Harman;Introduction to the special issue on Mutation Testing.;461-463;3;Volume 25, Numbers 5-7, August - November 2015;
2015;Pedro Reales Mateo,Macario Polo Usaola;Reducing mutation costs through uncovered mutants.;464-489;26;Volume 25, Numbers 5-7, August - November 2015;
2015;Rene Just,Franz Schweiggert;Higher accuracy and lower run time: efficient mutation analysis using non-redundant mutation operators.;490-507;18;Volume 25, Numbers 5-7, August - November 2015;
2015;Marinos Kintis,Mike Papadakis,Nikolaos Malevris;Employing second-order mutation for isolating first-order equivalent mutants.;508-535;28;Volume 25, Numbers 5-7, August - November 2015;
2015;Antonia Estero-Botaro,Francisco Palomo-Lozano,Inmaculada Medina-Bulo,Juan Jose Dominguez-Jimenez,Antonio Garcia-Dominguez;Quality metrics for mutation testing with applications to WS-BPEL compositions.;536-571;36;Volume 25, Numbers 5-7, August - November 2015;
2015;Akbar Siami Namin,Xiaozhen Xue,Omar Rosas,Pankaj Sharma;MuRanker: a mutant ranking tool.;572-604;33;Volume 25, Numbers 5-7, August - November 2015;
2015;Mike Papadakis,Yves Le Traon;Metallaxis-FL: mutation-based fault localization.;605-628;24;Volume 25, Numbers 5-7, August - November 2015;
2015;Paolo Arcaini,Angelo Gargantini,Elvinia Riccobene;Using mutation to assess fault detection capability of model review.;629-652;24;Volume 25, Numbers 5-7, August - November 2015;
2015;Vincent Aranega,Jean-Marie Mottu,Anne Etien,Thomas Degueule,Benoit Baudry,Jean-Luc Dekeyser;Towards an automation of the mutation analysis dedicated to model transformation.;653-683;31;Volume 25, Numbers 5-7, August - November 2015;
2015;Frederic Dadeau,Pierre-Cyrille Heam,Rafik Kheddam,Ghazi Maatoug,Michael Rusinowitch;Model-based mutation testing from security protocols in HLPSL.;684-711;28;Volume 25, Numbers 5-7, August - November 2015;
2015;Jeff Offutt;How the web resuscitated evolutionary design.;713-715;3;Volume 25, Number 8, December 2015;
2015;Bernhard K. Aichernig,Harald Brandl,Elisabeth Jobstl,Willibald Krenn,Rupert Schlick,Stefan Tiran;Killing strategies for model-based mutation testing.;716-748;33;Volume 25, Number 8, December 2015;
2015;Gordon Fraser,Neil Walkinshaw;Assessing and generating test sets in terms of behavioural adequacy.;749-780;32;Volume 25, Number 8, December 2015;
2014;Jeff Offutt;Globalization - references and citations.;1-2;2;Volume 24, Number 1, January 2014;
2014;Maximiliano Cristia,Pablo Albertengo,Claudia S. Frydman,Brian Pluss,Pablo Rodriguez Monetti;Tool support for the Test Template Framework.;3-37;35;Volume 24, Number 1, January 2014;
2014;Yunja Choi;Model checking Trampoline OS: a case study on safety analysis for automotive software.;38-60;23;Volume 24, Number 1, January 2014;
2014;Jalal Mahmud,Allen Cypher,Eben M. Haber,Tessa Lau;Design and industrial evaluation of a tool supporting semi-automated website testing.;61-82;22;Volume 24, Number 1, January 2014;
2014;Jeff Offutt;Globalization - standards for research quality.;83-84;2;Volume 24, Number 2, March 2014;
2014;Roy Awedikian,Bernard Yannou;A practical model-based statistical approach for generating functional test cases: application in the automotive industry.;85-123;39;Volume 24, Number 2, March 2014;
2014;Vojo Bubevski;A novel approach to software quality risk management.;124-154;31;Volume 24, Number 2, March 2014;
2014;Swarup Mohalik,Ambar A. Gadkari,Anand Yeolekar,K. C. Shashidhar,Sethu Ramesh;Automatic test case generation from Simulink/Stateflow models using model checking.;155-180;26;Volume 24, Number 2, March 2014;
2014;Jeff Offutt;Globalization-ethics and plagiarism.;181-183;3;Volume 24, Number 3, May 2014;
2014;Raimund Kirner,Walter Haas;Optimizing compilation with preservation of structural code coverage metrics to support software testing.;184-218;35;Volume 24, Number 3, May 2014;
2014;Andrea Arcuri,Lionel C. Briand;A Hitchhiker's guide to statistical tests for assessing randomized algorithms in software engineering.;219-250;32;Volume 24, Number 3, May 2014;
2014;Jeff Offutt;Globalization - logical flow, motivation, and assumptions.;251-252;2;Volume 24, Number 4, June 2014;
2014;Muzammil Shahbaz,Roland Groz;Analysis and testing of black-box component-based systems by inferring partial models.;253-288;36;Volume 24, Number 4, June 2014;
2014;Augusto Sampaio,Sidney Nogueira,Alexandre Mota,Yoshinao Isobe;Sound and mechanised compositional verification of input-output conformance.;289-319;31;Volume 24, Number 4, June 2014;
2014;Hema Srikanth,Sean Banerjee,Laurie A. Williams,Jason A. Osborne;Towards the prioritization of system test cases.;320-337;18;Volume 24, Number 4, June 2014;
2014;Antonia Bertolino,Yvan Labiche;Editorial for the special issue of STVR on the 5th IEEE International Conference on Software Testing, Verification, and Validation (ICST 2012).;339-340;2;Volume 24, Number 5, August 2014;
2014;Leonardo Mariani,Mauro Pezze,Oliviero Riganelli,Mauro Santoro;Automatic testing of GUI-based applications.;341-366;26;Volume 24, Number 5, August 2014;
2014;Hyunsook Do,Md. Hossain;An efficient regression testing approach for PHP web applications: a controlled experiment.;367-385;19;Volume 24, Number 5, August 2014;
2014;Mehdi MirzaAghaei,Fabrizio Pastore,Mauro Pezze;Automatic test case evolution.;386-411;26;Volume 24, Number 5, August 2014;
2014;Jeff Offutt;Editorial: how to get your paper rejected from STVR.;413-415;3;Volume 24, Number 6, September 2014;
2014;Shao-Pu Luan,Chin-Yu Huang;An improved Pareto distribution for modelling the fault data of open source software.;416-437;22;Volume 24, Number 6, September 2014;
2014;Maria-del-Mar Gallardo,Laura Panizo;Extending model checkers for hybrid system verification: the case study of SPIN.;438-471;34;Volume 24, Number 6, September 2014;
2014;Jan Malburg,Gordon Fraser;Search-based testing using constraint-based mutation.;472-495;24;Volume 24, Number 6, September 2014;
2014;Achim D. Brucker,Jacques Julliand;Editorial for the special issue of STVR on tests and proofs volume 1: tests and proofs in model-based testing.;497-498;2;Volume 24, Number 7, November 2014;
2014;Jerome Cantenot,Fabrice Ambert,Fabrice Bouquet;Test generation with Satisfiability Modulo Theories solvers in model-based testing.;499-531;33;Volume 24, Number 7, November 2014;
2014;Sebastien Chedor,Thierry Jeron,Christophe Morvan;Test generation from recursive tile systems.;532-557;26;Volume 24, Number 7, November 2014;
2014;Hernan Ponce de Leon,Stefan Haar,Delphine Longuet;Model-based testing for concurrent systems with labelled event structures.;558-590;33;Volume 24, Number 7, November 2014;
2014;Achim D. Brucker,Jacques Julliand;Editorial for the special issue of STVR on tests and proofs volume 2: tests and proofs for improving the generation time and quality of test data suites.;591-592;2;Volume 24, Number 8, December 2014;
2014;Marijn Heule,Warren A. Hunt Jr.,Nathan Wetzler;Bridging the gap between easy generation and efficient verification of unsatisfiability proofs.;593-607;15;Volume 24, Number 8, December 2014;
2014;Eunkyoung Jee,Donghwan Shin,Sung Deok Cha,Jang-Soo Lee,Doo-Hwan Bae;Automated test case generation for FBD programs implementing reactor protection system software.;608-628;21;Volume 24, Number 8, December 2014;
2014;Valeria S. Bengolea,Nazareno Aguirre,Darko Marinov,Marcelo F. Frias;RepOK-based reduction of bounded exhaustive testing.;629-655;27;Volume 24, Number 8, December 2014;
2014;Alois Dreyfus,Pierre-Cyrille Heam,Olga Kouchnarenko,Catherine Masson;A random testing approach using pushdown automata.;656-683;28;Volume 24, Number 8, December 2014;
2014;Maggie Hamill,Katerina Goseva-Popstojanova;Exploring the missing link: an empirical study of software fixes.;684-705;22;Volume 24, Number 8, December 2014;
2014;Gwan-Hwan Hwang,Che-Sheng Lin,Teng-Shuo Lee,Chi Wu-Lee;A model-free and state-cover testing scheme for semaphore-based and shared-memory concurrent programs.;706-737;32;Volume 24, Number 8, December 2014;
2013;Monika Kapus-Kolar;Error-preserving local transformations on communication protocols.;3-25;23;Volume 23, Number 1, January 2013;
2013;Marc Fisher II,Sebastian G. Elbaum,Gregg Rothermel;An automated analysis methodology to detect inconsistencies in web services with WSDL interfaces.;27-51;25;Volume 23, Number 1, January 2013;
2013;Abdeslam En-Nouaary;A test purpose-based approach for testing timed input output automata.;53-76;24;Volume 23, Number 1, January 2013;
2013;Yoshinobu Tamura,Shigeru Yamada;Reliability assessment based on hazard rate model for an embedded OSS porting-phase.;77-88;12;Volume 23, Number 1, January 2013;
2013;Jeff Offutt;What I have learned from usability.;89;1;Volume 23, Number 2, March 2013;
2013;Adilson Luiz Bonifacio,Arnaldo Vieira Moura;A new method for testing timed systems.;91-117;27;Volume 23, Number 2, March 2013;
2013;Andrea Arcuri;It really does matter how you normalize the branch distance in search-based software testing.;119-147;29;Volume 23, Number 2, March 2013;
2013;R. K. Garg,Kapil Sharma,C. K. Nagpal,Rakesh Garg,Rajpal Garg,Rajive Kumar,Sandhya;Ranking of software engineering metrics by fuzzy-based matrix methodology.;149-168;20;Volume 23, Number 2, March 2013;
2013;Jeff Offutt;The globalization of software engineering.;169-170;2;Volume 23, Number 3, May 2013;
2013;Marcio Eduardo Delamaro,Fatima de Lourdes dos Santos Nunes,Rafael Alves Paes de Oliveira;Using concepts of content-based image retrieval to implement graphical testing oracles.;171-198;28;Volume 23, Number 3, May 2013;
2013;Domenico Cotroneo,Salvatore Orlando 0002,Roberto Pietrantuono,Stefano Russo;A measurement-based ageing analysis of the JVM.;199-239;41;Volume 23, Number 3, May 2013;
2013;Benny Godlin,Ofer Strichman;Regression verification: proving the equivalence of similar programs.;241-258;18;Volume 23, Number 3, May 2013;
2013;Jeff Offutt;Editorial: globalization - language and dialects.;259-260;2;Volume 23, Number 4, June 2013;
2013;Mustafa Bozkurt,Mark Harman,Youssef Hassoun;Testing and verification in service-oriented architecture: a survey.;261-313;53;Volume 23, Number 4, June 2013;
2013;Pedro Reales Mateo,Macario Polo Usaola;Parallel mutation testing.;315-350;36;Volume 23, Number 4, June 2013;
2013;Ana R. Cavalli,Sudipto Ghosh;ICST 2010 Special Issue.;351;1;Volume 23, Number 5, August 2013;
2013;David Schuler,Andreas Zeller;Covering and Uncovering Equivalent Mutants.;353-374;22;Volume 23, Number 5, August 2013;
2013;Milos Gligoric,Vilas Jagannath,Qingzhou Luo,Darko Marinov;Efficient mutation testing of multithreaded code.;375-403;29;Volume 23, Number 5, August 2013;
2013;Mark Asztalos,Laszlo Lengyel,Tihamer Levendovszky;Formal specification and analysis of functional properties of graph rewriting-based model transformation.;405-435;31;Volume 23, Number 5, August 2013;
2013;Mark Harman,Bogdan Korel;Editorial for special issue of STVR on software testing, verification, and validation - volume 1 (extended selected papers from ICST 2011).;437;1;Volume 23, Number 6, September 2013;
2013;Sara Sprenkle,Lori L. Pollock,Lucy Simko;Configuring effective navigation models and abstract test cases for web applications by analysing user behaviour.;439-464;26;Volume 23, Number 6, September 2013;
2013;Waldemar Hummer,Orna Raz,Onn Shehory,Philipp Leitner,Schahram Dustdar;Testing of data-centric and event-based dynamic service compositions.;465-497;33;Volume 23, Number 6, September 2013;
2013;Raul A. Santelices,Mary Jean Harrold;Demand-driven propagation-based strategies for testing changes.;499-528;30;Volume 23, Number 6, September 2013;
2013;Mark Harman,Bogdan Korel;Editorial for special issue of STVR on software testing, verification, and validation - volume 2 (extended selected papers from ICST 2011).;529;1;Volume 23, Number 7, November 2013;
2013;David Schuler,Andreas Zeller;Checked coverage: an indicator for oracle quality.;531-551;21;Volume 23, Number 7, November 2013;
2013;Gordon Fraser,Andrea Arcuri;Handling test length bloat.;553-582;30;Volume 23, Number 7, November 2013;
2013;Jeff Offutt;A tribute to Mary Jean Harrold.;583-584;2;Volume 23, Number 8, December 2013;
2013;Lehilton Lelis Chaves Pedrosa,Arnaldo Vieira Moura;Incremental testing of finite state machines.;585-612;28;Volume 23, Number 8, December 2013;
2013;Bixin Li,Xiaobing Sun,Hareton Leung,Sai Zhang;A survey of code-based change impact analysis techniques.;613-646;34;Volume 23, Number 8, December 2013;
2013;Sang-Woon Kim,Yu-Seung Ma,Yong Rae Kwon;Combining weak and strong mutation for a noninterpretive Java mutation system.;647-668;22;Volume 23, Number 8, December 2013;
2012;Jeff Offutt;The ;1-2;2;Volume 22, Number 1, January 2012;
2012;Brian P. Robinson,Lee J. White;On the testing of user-configurable software systems using firewalls.;3-31;29;Volume 22, Number 1, January 2012;
2012;Tim Miller,Paul A. Strooper;A case study in model-based testing of specifications and implementations.;33-63;31;Volume 22, Number 1, January 2012;
2012;Shin Yoo,Mark Harman;Regression testing minimization, selection and prioritization: a survey.;67-120;54;Volume 22, Number 2, March 2012;
2012;Xuandong Li,Minxue Pan,Lei Bu,Linzhang Wang,Jianhua Zhao;Timing analysis of scenario-based specifications using linear programming.;121-143;23;Volume 22, Number 2, March 2012;
2012;Jeff Offutt;Non-expert reviews considered helpful.;145;1;Volume 22, Number 3, May 2012;
2012;Peter J. Clarke,James F. Power,Djuradj Babich,Tariq M. King;A testing strategy for abstract classes.;147-169;23;Volume 22, Number 3, May 2012;
2012;Shin Yoo,Mark Harman;Test data regeneration: generating new test data from existing test data.;171-201;31;Volume 22, Number 3, May 2012;
2012;Ramin Gholizadeh,Aliakbar Mastani Shirazi,Bahram Sadeghpour Gildeh;Fuzzy Bayesian system reliability assessment based on prior two-parameter exponential distribution under different loss functions.;203-217;15;Volume 22, Number 3, May 2012;
2012;Jeff Offutt;Status and Awards.;219;1;Volume 22, Number 4, June 2012;
2012;Zhiquan Zhou,Shujia Zhang,Markus Hagenbuchner,T. H. Tse,Fei-Ching Kuo,Tsong Yueh Chen;Automated functional testing of online search services.;221-243;23;Volume 22, Number 4, June 2012;
2012;Minh Ngoc Ngo,Hee Beng Kuan Tan;Automated verification and testing of user-interactive undo features in database applications.;245-265;21;Volume 22, Number 4, June 2012;
2012;Dianxiang Xu,Omar el Ariss,Weifeng Xu,Linzhang Wang;Testing aspect-oriented programs with finite state machines.;267-293;27;Volume 22, Number 4, June 2012;
2012;Paul Ammann,Gordon Fraser,Franz Wotawa;Guest Editorial for the Special Issue on Model-Based Testing.;295-296;2;Volume 22, Number 5, August 2012;
2012;Mark Utting,Alexander Pretschner,Bruno Legeard;A taxonomy of model-based testing approaches.;297-312;16;Volume 22, Number 5, August 2012;
2012;Marek Janicki,Mika Katara,Tuula Paakkonen;Obstacles and opportunities in deploying model-based GUI testing of mobile software: a survey.;313-341;29;Volume 22, Number 5, August 2012;
2012;Iksoon Hwang,Ana R. Cavalli,Mounir Lallali,Dominique Verchere;Applying formal methods to PCEP: an industrial case study from modeling to test generation.;343-361;19;Volume 22, Number 5, August 2012;
2012;Cesar Andres,Mercedes G. Merayo,Manuel Nunez;Formal passive testing of timed systems: theory and tools.;365-405;41;Volume 22, Number 6, September 2012;
2012;Frederic Dadeau,Kalou Cabrera Castillos,Regis Tissot;Scenario-based testing using symbolic animation of B models.;407-434;28;Volume 22, Number 6, September 2012;
2012;Adenilso da Silva Simao,Alexandre Petrenko,Nina Yevtushenko;On reducing test length for FSMs with extra states.;435-454;20;Volume 22, Number 6, September 2012;
2012;Manoranjan Satpathy,Anand Yeolekar,Prakash Peranandam,Sethu Ramesh;Efficient coverage of parallel and hierarchical stateflow models for test case generation.;457-479;23;Volume 22, Number 7, November 2012;
2012;Luay Ho Tahat,Bogdan Korel,Mark Harman,Hasan Ural;Regression test suite prioritization using system models.;481-506;26;Volume 22, Number 7, November 2012;
2012;Andrea Calvagna,Angelo Gargantini;T-wise combinatorial interaction test suites construction based on coverage inheritance.;507-526;20;Volume 22, Number 7, November 2012;
2012;Jeff Offutt;Flipping the testing classroom.;527-528;2;Volume 22, Number 8, December 2012;
2012;Andres Flores,Macario Polo Usaola;Testing-based process for component substitutability.;529-561;33;Volume 22, Number 8, December 2012;
2012;Fabio Martinelli,Ilaria Matteucci;A framework for automatic generation of security controller.;563-582;20;Volume 22, Number 8, December 2012;
2012;Mercedes G. Merayo,Manuel Nunez,Ismael Rodriguez;A formal framework to test soft and hard deadlines in timed systems.;583-608;26;Volume 22, Number 8, December 2012;
2011;Robert M. Hierons,Aditya P. Mathur;ICST 2008 Special Issue.;1;1;Volume 21, Number 1, March 2011;
2011;Ilinca Ciupa,Alexander Pretschner,Manuel Oriol,Andreas Leitner,Bertrand Meyer;On the number and nature of faults found by random testing.;3-28;26;Volume 21, Number 1, March 2011;
2011;Sebastien Bardin,Philippe Herrmann;OSMOSE: automatic structural testing of executables.;29-54;26;Volume 21, Number 1, March 2011;
2011;Wolfgang Grieskamp,Nicolas Kicillof,Keith Stobie,Victor A. Braberman;Model-based quality assurance of protocol documentation: tools and methodology.;55-71;17;Volume 21, Number 1, March 2011;
2011;Jeff Offutt;Status of the journal.;73;1;Volume 21, Number 2, June 2011;
2011;Emanuela Gadelha Cartaxo,Patricia D. L. Machado,Francisco G. Oliveira Neto;On the use of a similarity function for test case selection in the context of model-based testing.;75-100;26;Volume 21, Number 2, June 2011;
2011;Vahid Garousi;Fault-driven stress testing of distributed real-time software based on UML models.;101-124;24;Volume 21, Number 2, June 2011;
2011;Joao W. Cangussu,Syed Waseem Haider,Kendra M. L. Cooper,Michael Baron;On the selection of software defect estimation techniques.;125-152;28;Volume 21, Number 2, June 2011;
2011;Jeff Offutt,Per Runeson;ICST 2009 Special Issue.;153-154;2;Volume 21, Number 3, September 2011;
2011;Garrett Kent Kaminski,Paul Ammann;Reducing logic test set size while preserving fault detection.;155-193;39;Volume 21, Number 3, September 2011;
2011;William G. J. Halfond,Shauvik Roy Choudhary,Alessandro Orso;Improving penetration testing through static and dynamic analysis.;195-214;20;Volume 21, Number 3, September 2011;
2011;Romain Delamare,Benoit Baudry,Sudipto Ghosh,Shashank Gupta,Yves Le Traon;An approach for testing pointcut descriptors in AspectJ.;215-239;25;Volume 21, Number 3, September 2011;
2011;Chixiang Zhou,Phyllis G. Frankl;JDAMA: Java database application mutation analyser.;241-263;23;Volume 21, Number 3, September 2011;
2011;Jeff Offutt;Editorial: What is the purpose of publishing?;265-266;2;Volume 21, Number 4, December 2011;
2011;Pedro de la Camara,J. Raul Castro,Maria-del-Mar Gallardo,Pedro Merino 0001;Verification support for ARINC-653-based avionics software.;267-298;32;Volume 21, Number 4, December 2011;
2011;Jane Huffman Hayes,Inies R. Chemannoor,Elizabeth Ashlee Holbrook;Improved code defect detection with fault links.;299-325;27;Volume 21, Number 4, December 2011;
2010;Jeff Offutt;Editorial: OOP and discrete math.;1-2;2;Volume 20, Number 1, March 2010;
2010;Maria-Emilia Cambronero,Valentin Valero Ruiz,Gregorio Diaz Descalzo;Verification of real-time systems design.;3-37;35;Volume 20, Number 1, March 2010;
2010;Tai Hyo Kim,Hojung Bang,Sung Deok Cha;A systematic representation of path constraints for implicit path enumeration technique.;39-61;23;Volume 20, Number 1, March 2010;
2010;Lance Fiondella,Swapna S. Gokhale;Importance measures for modular software with uncertain parameters.;63-85;23;Volume 20, Number 1, March 2010;
2010;Jeff Offutt;Editorial: People are approximators, not perfectors.;87-88;2;Volume 20, Number 2, June 2010;
2010;Wing Kwong Chan,Jeffrey C. F. Ho,T. H. Tse;Finding failures from passed test cases: improving the pattern classification approach to the testing of mesh simplification programs.;89-120;32;Volume 20, Number 2, June 2010;
2010;Wes Masri;Fault localization based on information flow coverage.;121-147;27;Volume 20, Number 2, June 2010;
2010;Andreas Griesmayer,Stefan Staber,Roderick Paul Bloem;Fault localization using a model checker.;149-173;25;Volume 20, Number 2, June 2010;
2010;Jeff Offutt;Editorial: Agility must be good for testing.;175-176;2;Volume 20, Number 3, September 2010;
2010;Lionel C. Briand,Yvan Labiche,Q. Lin;Improving the coverage criteria of UML state machines using data flow analysis.;177-207;31;Volume 20, Number 3, September 2010;
2010;Ruilian Zhao,Michael R. Lyu,Yinghua Min;Automatic string test data generation for detecting domain errors.;209-236;28;Volume 20, Number 3, September 2010;
2010;Javier Tuya,Maria Jose Suarez Cabal,Claudio de la Riva;Full predicate coverage for testing SQL database queries.;237-288;52;Volume 20, Number 3, September 2010;
2010;Jeff Offutt;Editorial: Ethics and Publishing.;289-290;2;Volume 20, Number 4, December 2010;
2010;Roger T. Alexander,Jeff Offutt,Andreas Stefik;Testing coupling relationships in object-oriented programs.;291-327;37;Volume 20, Number 4, December 2010;
2010;Jane Huffman Hayes,Jeff Offutt;Recognizing authors: an examination of the consistent programmer hypothesis.;329-356;28;Volume 20, Number 4, December 2010;
2009;Jeff Offutt;Editorial: Is software testing essential or accidental?;1-2;2;Volume 19, Number 1, March 2009;
2009;Insang Chung,James M. Bieman;Generating input data structures for automated program testing.;3-36;34;Volume 19, Number 1, March 2009;
2009;Renee C. Bryce,Charles J. Colbourn;A density-based greedy algorithm for higher strength covering arrays.;37-53;17;Volume 19, Number 1, March 2009;
2009;Jiale Huo,Alexandre Petrenko;Transition covering tests for systems with queues.;55-83;29;Volume 19, Number 1, March 2009;
2009;Ian Gilchrist;Software testing - testing across the entire software development lifecycle. By Gerald D Everett & Raymond McLeod Jr. Published by IEEE Press and Wiley Interscience, Hoboken, NJ, USA ISBN: 978-0-471-79371-7, 260 pages.;85-86;2;Volume 19, Number 1, March 2009;
2009;Jeff Offutt;Editorial: Running a conference program meeting in the 21st century.;87-89;3;Volume 19, Number 2, June 2009;
2009;Francesco Flammini,Nicola Mazzocca,Antonio Orazzo;Automatic instantiation of abstract tests on specific configurations for large critical control systems.;91-110;20;Volume 19, Number 2, June 2009;
2009;Macario Polo Usaola,Mario Piattini Velthius,Ignacio Garcia Rodriguez de Guzman;Decreasing the cost of mutation testing with second-order mutants.;111-131;21;Volume 19, Number 2, June 2009;
2009;Abdesselam Lakehal,Ioannis Parissis;Structural coverage criteria for LUSTRE/SCADE programs.;133-154;22;Volume 19, Number 2, June 2009;
2009;Hendrik Post,Carsten Sinz,Wolfgang Kuchlin;Towards automatic software model checking of thousands of Linux modules - a case study with Avinux.;155-172;18;Volume 19, Number 2, June 2009;
2009;Jeff Offutt;Editorial: confidentiality and plagiarism.;173-174;2;Volume 19, Number 3, September 2009;
2009;Norman F. Schneidewind;Integrating testing with reliability.;175-198;24;Volume 19, Number 3, September 2009;
2009;Derek F. Yates,Nikolaos Malevris;Inclusion, subsumption, JJ-paths, and structured path testing: a Redress.;199-213;15;Volume 19, Number 3, September 2009;
2009;Gordon Fraser,Franz Wotawa,Paul Ammann;Testing with model checkers: a survey.;215-261;47;Volume 19, Number 3, September 2009;
2009;Jeff Offutt;Editorial: Testing my new building.;263-264;2;Volume 19, Number 4, December 2009;
2009;Manar H. Alalfi,James R. Cordy,Thomas Roy Dean;Modelling methods for web application verification and testing: state of the art.;265-296;32;Volume 19, Number 4, December 2009;
2009;Debasish Kundu,Monalisa Sarma,Debasis Samanta,Rajib Mall;System testing for object-oriented systems with test case prioritization.;297-333;37;Volume 19, Number 4, December 2009;
2009;Graham A. Thomas;Pragmatic Software Testing. By Rex Black. Published by Wiley. ISBN: 978-0-470-12790-2, 366 pages.;335;1;Volume 19, Number 4, December 2009;
2008;Jeff Offutt;Editorial: The journal impact factor.;1-3;3;Volume 18, Number 1, March 2008;
2008;Sara Gradara,Antonella Santone,Gigliola Vaglini,Maria Luisa Villani;Modular formal verification of specifications of concurrent systems.;5-28;24;Volume 18, Number 1, March 2008;
2008;Stefan Blom,Thomas Deiss,Natalia Ioustinova,Ari Kontio,Jaco van de Pol,Axel Rennoch,Natalia Sidorova;Simulated time for host-based testing with TTCN-3.;29-49;21;Volume 18, Number 1, March 2008;
2008;Lihua Duan,Jessica Chen;Error-preserving reductions on communication protocols.;51-68;18;Volume 18, Number 1, March 2008;
2008;Mark Harman,Zheng Li,Phil McMinn;Editorial: Testing practice and research.;69-70;2;Volume 18, Number 2, June 2008;
2008;Helmut Neukirchen,Benjamin Zeiss,Jens Grabowski,Paul Baker,Dominic Evans;Quality assurance for TTCN-3 test specifications.;71-97;27;Volume 18, Number 2, June 2008;
2008;Neil Walkinshaw,Kirill Bogdanov,Shaukat Ali Khan,Mike Holcombe;Automated discovery of state transitions and their functions in source code.;99-121;23;Volume 18, Number 2, June 2008;
2008;Jeff Offutt;Editorial: Science Fiction and Fantasy.;123-124;2;Volume 18, Number 3, September 2008;
2008;Yu Lei,Raghu Kacker,D. Richard Kuhn,Vadim Okun,James Lawrence;IPOG/IPOG-D: efficient test generation for multi-way combinatorial testing.;125-148;24;Volume 18, Number 3, September 2008;
2008;Garrett Kent Kaminski,Gregory Williams 0002,Paul Ammann;Reconciling perspectives of software logic testing.;149-188;40;Volume 18, Number 3, September 2008;
2008;Gerald Luttgen;Modeling and verification using UML Statecharts. By Doron Drusinsky. Published by Newnes Publishers, 2006, ISBN 0-7506-7617-5, 306 pages.;189-190;2;Volume 18, Number 3, September 2008;
2008;Jeff Offutt;Editorial: Software testing is an elephant.;191-192;2;Volume 18, Number 4, December 2008;
2008;Supaporn Kansomkeat,Wanchai Rivepiboon;An analysis technique to increase testability of object-oriented components.;193-219;27;Volume 18, Number 4, December 2008;
2008;Jyh-Wen Ho,Chih-Chiang Fang,Yeu-Shiang Huang;The determination of optimal software release times at different confidence levels with consideration of learning effects.;221-249;29;Volume 18, Number 4, December 2008;
2008;Richard F. Paige;Model-driven software development. By Thomas Stahl and Markus Volter. Published by John Wiley & Sons, New York, 2006. ISBN: 0470025700.;251-252;2;Volume 18, Number 4, December 2008;
2007;Martin R. Woodward,Jeff Offutt;Editorial: Reflections on the past, present and future.;1-2;2;Volume 17, Number 1, March 2007;
2007;Macario Polo Usaola,Sergio Tendero,Mario Piattini Velthius;Integrating techniques and tools for testing automation.;3-39;37;Volume 17, Number 1, March 2007;
2007;Qiang Guo,Robert M. Hierons,Mark Harman,Karnig Derderian;Heuristics for fault diagnosis when testing from finite state machines.;41-57;17;Volume 17, Number 1, March 2007;
2007;Jeff Offutt;Editorial: Introduction and plans for the future.;59-60;2;Volume 17, Number 2, June 2007;
2007;Alessandro Orso,Hyunsook Do,Gregg Rothermel,Mary Jean Harrold,David S. Rosenblum;Using component metadata to regression test component-based software.;61-94;34;Volume 17, Number 2, June 2007;
2007;Muhammad Jaffar-Ur Rehman,Fakhra Jabeen,Antonia Bertolino,Andrea Polini;Testing software components for integration: a survey of issues and techniques.;95-133;39;Volume 17, Number 2, June 2007;
2007;Jeff Offutt;Editorial: Standards for reviewing papers.;135-136;2;Volume 17, Number 3, September 2007;
2007;Atif M. Memon;An event-flow model of GUI-based applications for testing.;137-157;21;Volume 17, Number 3, September 2007;
2007;Renee C. Bryce,Charles J. Colbourn;The density algorithm for pairwise interaction testing.;159-182;24;Volume 17, Number 3, September 2007;
2007;Borislav Nikolik,Dick Hamlet;Practical ultra-reliability for abstract data types.;183-203;21;Volume 17, Number 3, September 2007;
2007;Jeff Offutt;Editorial: Why should I review papers?;205-206;2;Volume 17, Number 4, December 2007;
2007;Yu Lei,Richard H. Carver,Raghu Kacker,David Chenho Kung;A combinatorial testing strategy for concurrent programs.;207-225;19;Volume 17, Number 4, December 2007;
2007;Natalia Spitsyna,Khaled El-Fakih,Nina Yevtushenko;Studying the separability relation between finite state machines.;227-241;15;Volume 17, Number 4, December 2007;
2007;Dick Hamlet;Software component composition: a subdomain-based testing-theory foundation.;243-269;27;Volume 17, Number 4, December 2007;
2006;Martin R. Woodward;Editorial: Testing for real!;1-2;2;Volume 16, Number 1, March 2006;
2006;Fevzi Belli,Christof J. Budnik,Lee J. White;Event-based modelling, analysis and testing of user interactions: approach and case study.;3-32;30;Volume 16, Number 1, March 2006;
2006;Fabio Martinelli,Marinella Petrocchi,Anna Vaccarelli;Formal analysis of some secure procedures for certificate delivery.;33-59;27;Volume 16, Number 1, March 2006;
2006;Robert M. Hierons;Testing Commercial-off-the-Shelf Components and Systems. Edited by Sami Beydeda and Volker Gruhn. Springer, 2005, ISBN: 3-540-21871-8, pp 410.;61;1;Volume 16, Number 1, March 2006;
2006;Anthony J. H. Simons;Verification and Validation for Quality of UML 2.0 Models. By Bhuvan Unhelkar. Wiley, 2005, ISBN: 0-471-72783-0, 271 pp.;62-64;3;Volume 16, Number 1, March 2006;
2006;Derek Yates;Editorial: Uncertainty and chaos.;69-70;2;Volume 16, Number 2, June 2006;
2006;Brian A. Malloy,James F. Power;Exploiting design patterns to automate validation of class invariants.;71-95;25;Volume 16, Number 2, June 2006;
2006;Bernard Botella,Arnaud Gotlieb,Claude Michel;Symbolic execution of floating-point computations.;97-121;25;Volume 16, Number 2, June 2006;
2006;Peter Morgan;Successful Test Management: An Integral Approach. By Iris Pinkster, Bob van de Burgt, Dennis Janssen, and Erik van Veenendaal. Springer, 2004, ISBN: 3-540-22822-5, pp 373.;123-124;2;Volume 16, Number 2, June 2006;
2006;Ian Gilchrist;Software Quality Engineering: Testing, Quality Assurance, and Quantifiable Improvement. By Jeff Tian. Wiley/IEEE Computer Society Press, 2005. ISBN: 0-471-71345-7, pp 412.;124-125;2;Volume 16, Number 2, June 2006;
2006;Phil McMinn,Robert M. Hierons;Editorial: Addressing industrial challenges - UKTest 2005 and beyond.;131-132;2;Volume 16, Number 3, September 2006;
2006;Anthony J. H. Simons;A theory of regression testing for behaviourally compatible object types.;133-156;24;Volume 16, Number 3, September 2006;
2006;Elena Perez-Minana,Jean-Jacques Gras;Improving fault prediction using Bayesian networks for the development of embedded software applications.;157-174;18;Volume 16, Number 3, September 2006;
2006;Mohammad Alshraideh,Leonardo Bottaci;Search-based software test data generation for string data using program-specific search operators.;175-203;29;Volume 16, Number 3, September 2006;
2006;Lee J. White,Jeff Offutt,Derek Yates,Robert M. Hierons,Michael A. Hennell,Peter Mitchell;A Tribute to Martin Woodward.;209-211;3;Volume 16, Number 4, December 2006;
2006;Lee J. White;Editorial: STVR Editor changes.;213-214;2;Volume 16, Number 4, December 2006;
2006;Leonard Gallagher,Jeff Offutt,Anthony Cincotta;Integration testing of object-oriented components using finite state machines.;215-266;52;Volume 16, Number 4, December 2006;
2006;Kalyan-Ram Chilakamarri,Sebastian G. Elbaum;Leveraging disposable instrumentation to reduce coverage collection overhead.;267-288;22;Volume 16, Number 4, December 2006;
2006;Robert M. Hierons;Software Testing Foundations: A Study Guide for the Certified Tester Exam. By Andreas Spillner, Tilo Linz and Hans Schaefer. Published by dpunkt.verlag, Heidelberg, Germany, 2006, ISBN: 3-89864-363-8, pp 266.;289-290;2;Volume 16, Number 4, December 2006;
2005;Lee J. White;Editorial: Looking for surprises in testing?;1-2;2;Volume 15, Number 1, March 2005;
2005;Felix Redmill;Theory and practice of risk-based testing.;3-20;18;Volume 15, Number 1, March 2005;
2005;Kalpesh Kapoor,Jonathan P. Bowen;A formal analysis of MCDC and RCDC test criteria.;21-40;20;Volume 15, Number 1, March 2005;
2005;Gareth Lee,John Morris,Kris Parker,Gary A. Bundell,Chiou Peng Lam;Using symbolic execution to guide test generation.;41-61;21;Volume 15, Number 1, March 2005;
2005;Martin R. Woodward;Editorial: On mutants, metaphors and scientific creativity.;71-72;2;Volume 15, Number 2, June 2005;
2005;Benoit Baudry,Franck Fleurey,Jean-Marc Jezequel,Yves Le Traon;From genetic to bacteriological algorithms for mutation-based testing.;73-96;24;Volume 15, Number 2, June 2005;
2005;Yu-Seung Ma,Jeff Offutt,Yong Rae Kwon;MuJava: an automated class mutation system.;97-133;37;Volume 15, Number 2, June 2005;
2005;Robert M. Hierons;Artificial Intelligence Methods In Software Testing. Edited by Mark Last, Abraham Kandel and Horst Bunke. Published by World Scientific Publishing, Singapore, Series in Machine Perception and Artificial Intelligence, Volume 56, 2004, ISBN 981-238-854-0.;135-136;2;Volume 15, Number 2, June 2005;
2005;Stuart Reid;The Art of Software Testing, Second edition. Glenford J. Myers. Revised and updated by Tom Badgett and Todd M. Thomas, with Corey Sandler. John Wiley and Sons, New Jersey, USA, 2004, ISBN 0-471-46912-2.;136-137;2;Volume 15, Number 2, June 2005;
2005;Derek Yates;Editorial: ... and the wheel keeps turning.;143-144;2;Volume 15, Number 3, September 2005;
2005;Daniel Karlstrom,Per Runeson,Sara Norden;A minimal test practice framework for emerging software organizations.;145-166;22;Volume 15, Number 3, September 2005;
2005;Mats Grindal,Jeff Offutt,Sten F. Andler;Combination testing strategies: a survey.;167-199;33;Volume 15, Number 3, September 2005;
2005;Thomas Thelin;Software Testing and Continuous Quality Improvement. Second Edition. By William E. Lewis. Technical Contributor: Gunasekaran Veerapillai. Published by Auerbach Publications, 2005, ISBN: 0-8493-2524-2, pp 534.;201-202;2;Volume 15, Number 3, September 2005;
2005;Joel Ouaknine;Verification of Reactive Systems: Formal Methods and Algorithms. By Klaus Schneider. Springer, Texts in Theoretical Computer Science Series, 2004, ISBN: 3-540-00296-0, pp 600.;202-203;2;Volume 15, Number 3, September 2005;
2005;Robert M. Hierons;Editorial: Validating our findings.;209-210;2;Volume 15, Number 4, December 2005;
2005;Manuel Nunez,Ismael Rodriguez,Fernando Rubio;Specification and testing of autonomous agents in e-commerce systems.;211-233;23;Volume 15, Number 4, December 2005;
2005;Daniel Hoffman,Paul A. Strooper,Sarah Wilkin;Tool support for executable documentation of Java class hierarchies.;235-256;22;Volume 15, Number 4, December 2005;
2005;Jung-Min Kim,Adam A. Porter,Gregg Rothermel;An empirical study of regression test application frequency.;257-279;23;Volume 15, Number 4, December 2005;
2005;Nathan Baddoo;Achieving Software Quality Through Teamwork. By Isabel Evans. Artech House, 2004, ISBN: 1-58053-662-X, pp 296.;281-282;2;Volume 15, Number 4, December 2005;
2004;Lee J. White;Editorial: Software testing as related to project risk.;1-2;2;Volume 14, Number 1, March 2004;
2004;Felix Redmill;Exploring risk-based testing and its implications.;3-15;13;Volume 14, Number 1, March 2004;
2004;David Chays,Yuetang Deng,Phyllis G. Frankl,Saikat Dan,Filippos I. Vokolos,Elaine J. Weyuker;An AGENDA for testing relational database applications.;17-44;28;Volume 14, Number 1, March 2004;
2004;Hoijin Yoon,Byoungju Choi;Effective test case selection for component customization and its application to Enterprise JavaBeans.;45-70;26;Volume 14, Number 1, March 2004;
2004;Ian Gilchrist;Book Reviews.;71-72;2;Volume 14, Number 1, March 2004;
2004;Robert M. Hierons;Book Reviews.;72-73;2;Volume 14, Number 1, March 2004;
2004;Martin R. Woodward;Editorial: A test of time across the generations.;79-80;2;Volume 14, Number 2, June 2004;
2004;Bruno Legeard,Fabien Peureux,Mark Utting;Controlling test case explosion in test generation from B formal models.;81-103;23;Volume 14, Number 2, June 2004;
2004;Phil McMinn;Search-based software test data generation: a survey.;105-156;52;Volume 14, Number 2, June 2004;
2004;Marc Roper;Book Reviews.;157-158;2;Volume 14, Number 2, June 2004;
2004;Silke Kuball;Book Reviews.;158-159;2;Volume 14, Number 2, June 2004;
2004;John Andrew Clark,Mark Harman,Robert M. Hierons;Editorial: Software testing in the United Kingdom.;165-166;2;Volume 14, Number 3, September 2004;
2004;Kalpesh Kapoor,Jonathan P. Bowen;Experimental evaluation of the tolerance for control-flow test criteria.;167-187;21;Volume 14, Number 3, September 2004;
2004;Kirill Bogdanov,Mike Holcombe;Refinement in statechart testing.;189-211;23;Volume 14, Number 3, September 2004;
2004;Severine Colin,Bruno Legeard,Fabien Peureux;Preamble computation in automated test case generation using constraint logic programming.;213-235;23;Volume 14, Number 3, September 2004;
2004;Michael A. Hennell;Guest Editorial: An industrial viewpoint.;241-242;2;Volume 14, Number 4, December 2004;
2004;Diane Kelly 0002,Terry Shepard;Eight maxims for software inspectors.;243-256;14;Volume 14, Number 4, December 2004;
2004;Ljubomir Lazic,Dusan M. Velasevic;Applying simulation and design of experiments to the embedded software testing process.;257-282;26;Volume 14, Number 4, December 2004;
2004;Isabel Evans;A Practitioner's Guide to Software Test Design. By Lee Copeland. Published by Artech House, Norwood, MA, USA, 2004, ISBN 1-58053-791-X, 320 pages.;283-284;2;Volume 14, Number 4, December 2004;
2004;Sarika Agarwal;Testing Web Security: Assessing the Security of Web Sites and Applications. By Steven Splaine. Published by John Wiley and Sons, New York, USA, 2002 ISBN 0-471-23281-5, 345 pages.;284-285;2;Volume 14, Number 4, December 2004;
2003;Derek Yates;Editorial: Perhaps some parallels do converge?;1-2;2;Volume 13, Number 1, March 2003;
2003;Cheer-Sun D. Yang,Lori L. Pollock;All-uses testing of shared memory parallel programs.;3-24;22;Volume 13, Number 1, March 2003;
2003;Jeff Offutt,Shaoying Liu,Aynur Abdurazik,Paul Ammann;Generating test data from state-based specifications.;25-53;29;Volume 13, Number 1, March 2003;
2003;Isabel Evans;Book Reviews.;55-56;2;Volume 13, Number 1, March 2003;
2003;Harry W. Agius;Book Reviews.;56;1;Volume 13, Number 1, March 2003;
2003;Martin R. Woodward;Editorial: The merits of diversity.;63-64;2;Volume 13, Number 2, June 2003;
2003;Sebastian G. Elbaum,Praveen Kallakuri,Alexey G. Malishevsky,Gregg Rothermel,Satya Kanduri;Understanding the effects of changes on the cost-effectiveness of regression testing techniques.;65-83;19;Volume 13, Number 2, June 2003;
2003;Feng-Zhong Zou;A change-point perspective on the software failure process.;85-93;9;Volume 13, Number 2, June 2003;
2003;Anneliese von Mayrhauser,Robert B. France,Sudipto Ghosh,Gerald Craig;Test adequacy criteria for UML design models.;95-127;33;Volume 13, Number 2, June 2003;
2003;David Hayman;Book Reviews.;129;1;Volume 13, Number 2, June 2003;
2003;Neil Thompson;Book Reviews.;130-131;2;Volume 13, Number 2, June 2003;
2003;Robert M. Hierons;Editorial: Testing in the large through the small?;139-140;2;Volume 13, Number 3, September 2003;
2003;Ricardo Anido,Ana R. Cavalli,Luiz A. Paula Lima Jr.,Nina Yevtushenko;Test suite minimization for testing in context.;141-155;15;Volume 13, Number 3, September 2003;
2003;Vlad Rusu;Combining formal verification and conformance testing for validating reactive systems.;157-180;24;Volume 13, Number 3, September 2003;
2003;Nicoletta De Francesco,Giuseppe Lettieri;Checking security properties by model checking.;181-196;16;Volume 13, Number 3, September 2003;
2003;Robert M. Hierons;Book Reviews.;197-198;2;Volume 13, Number 3, September 2003;
2003;Paul Gerrard;Book Reviews.;198-199;2;Volume 13, Number 3, September 2003;
2003;Juan Carlos Augusto,Marc Roper;Editorial: The First International Workshop on Verification and Validation of Enterprise Information Systems (VVEIS 2003).;205-206;2;Volume 13, Number 4, December 2003;
2003;Cyrille Valentin Artho,Klaus Havelund,Armin Biere;High-level data races.;207-227;21;Volume 13, Number 4, December 2003;
2003;Phong Tran,Jeffrey Gosper,Ian Gorton;Evaluating the sustained performance of COTS-based messaging systems.;229-240;12;Volume 13, Number 4, December 2003;
2003;Ulrich Ultes-Nitsche,Simon St. James;Improved verification of linear-time properties within fairness: weakly continuation-closed behaviour abstractions computed from trace reductions.;241-255;15;Volume 13, Number 4, December 2003;
2003;Isabel Evans;Book Reviews.;257-258;2;Volume 13, Number 4, December 2003;
2003;Ian Craggs;Book Reviews.;258-259;2;Volume 13, Number 4, December 2003;
2002;Derek Yates;Editorial: Find the missing links?;1-2;2;Volume 12, Number 1, March 2002;
2002;Nicola Mazzocca,Antonella Santone,Gigliola Vaglini,Valeria Vittorini;Efficient model checking of properties of a distributed application: a multimedia case study.;3-21;19;Volume 12, Number 1, March 2002;
2002;Robert M. Hierons,Mark Harman,Chris Fox,Lahcen Ouarbya,Mohammed Daoudi;Conditioned slicing supports partition testing.;23-28;6;Volume 12, Number 1, March 2002;
2002;Istvan Forgacs,Antonia Bertolino;Preventing untestedness in data-flow based testing.;29-58;30;Volume 12, Number 1, March 2002;
2002;Robin W. Whitty;Digraphs: theory, algorithms and applications.;59-60;2;Volume 12, Number 1, March 2002;
2002;Perdita Stevens;Refinement in Z and object-Z: foundations and advanced applications.;61;1;Volume 12, Number 1, March 2002;
2002;Lee J. White,Martin R. Woodward;List of Referees.;63-64;2;Volume 12, Number 1, March 2002;
2002;Robert M. Hierons;Editorial: Formal methods and testing.;69-70;2;Volume 12, Number 2, June 2002;
2002;Ronald A. Olsson;Additional transformations for multiple-level escape statements.;71-76;6;Volume 12, Number 2, June 2002;
2002;Siegfried Goschl,Harry M. Sneed;Case study of testing a distributed internet-system.;77-92;16;Volume 12, Number 2, June 2002;
2002;Catherine Stringfellow,Anneliese von Mayrhauser,Claes Wohlin,Hakan Petersson;Estimating the number of components with defects post-release that showed no defects in testing.;93-122;30;Volume 12, Number 2, June 2002;
2002;Geoff Thompson;Testing it: an off-the-shelf software testing process.;123;1;Volume 12, Number 2, June 2002;
2002;Helen M. Edwards;Problem frames: analyzing and structuring software development problems.;124-125;2;Volume 12, Number 2, June 2002;
2002;Martin R. Woodward;Editorial: Little bugs and big bugs.;131-132;2;Volume 12, Number 3, September 2002;
2002;Aybuke Aurum,Hakan Petersson,Claes Wohlin;State-of-the-art: software inspections after 25 years.;133-154;22;Volume 12, Number 3, September 2002;
2002;Sun Sup So,Sung Deok Cha,Timothy J. Shimeall,Yong Rae Kwon;An empirical evaluation of six methods to detect faults in software.;155-171;17;Volume 12, Number 3, September 2002;
2002;Nicoletta De Francesco,Antonella Santone;Syntactic reductions for efficient deadlock analysis.;173-186;14;Volume 12, Number 3, September 2002;
2002;Michael Leuschel;Book Reviews.;187-188;2;Volume 12, Number 3, September 2002;
2002;Florian Kammuller;Book Reviews.;188-189;2;Volume 12, Number 3, September 2002;
2002;Lee J. White;Editorial: The importance of empirical work for software engineering papers.;195-196;2;Volume 12, Number 4, 2002;
2002;Wei Chen,Roland H. Untch,Gregg Rothermel,Sebastian G. Elbaum,Jeffery von Ronne;Can fault-exposure-potential estimates improve the fault detection abilities of test suites?;197-218;22;Volume 12, Number 4, 2002;
2002;Gregg Rothermel,Mary Jean Harrold,Jeffery von Ronne,Christie Hong;Empirical studies of test-suite reduction.;219-249;31;Volume 12, Number 4, 2002;
2002;Cinzia Bernardeschi,Alessandro Fantechi,Stefania Gnesi;Model checking fault tolerant systems.;251-275;25;Volume 12, Number 4, 2002;
2002;Elizabeth Burd;Book Reviews.;277;1;Volume 12, Number 4, 2002;
2002;Richard Banach;Book Reviews.;278;1;Volume 12, Number 4, 2002;
2001;Lee J. White;Editorial: Specification-based testing revisited?;1-2;2;Volume 11, Number 1, March 2001;
2001;Kasilingam Periyasamy,Vasu S. Alagar;A rigorous method for test templates generation from object-oriented specifications.;3-37;35;Volume 11, Number 1, March 2001;
2001;Kirill Bogdanov,Mike Holcombe;Statechart testing method for aircraft control systems.;39-54;16;Volume 11, Number 1, March 2001;
2001;Kevin Lano;Book Review: Formal Object-Oriented Specification Using Object-Z, by Roger Duke and Gordon Rose, Macmillan Press.;55;1;Volume 11, Number 1, March 2001;
2001;Chris Fox;Book Review: Linux: The Complete Reference, Third Edition, by Richard Petersen, Osborne/McGraw-Hill.;55-58;4;Volume 11, Number 1, March 2001;
2001;Nigel Tracey,John Penix,Willem Visser;Editorial: The First International Workshop on Automated Program Analysis, Testing and Verification (WAPATV 2000).;63-64;2;Volume 11, Number 2, June 2001;
2001;Gerard J. Holzmann,Margaret H. Smith;Software model checking: extracting verification models from source code.;65-79;15;Volume 11, Number 2, June 2001;
2001;Christophe Meudec;ATGen: automatic test data generation using constraint logic programming and symbolic execution.;81-96;16;Volume 11, Number 2, June 2001;
2001;Stephen H. Edwards;A framework for practical, automated black-box testing of component-based software.;97-111;15;Volume 11, Number 2, June 2001;
2001;Ellen Francine Barbosa,Jose Carlos Maldonado,Auri Marcelo Rizzo Vincenzi;Toward the determination of sufficient mutant operators for C.;113-136;24;Volume 11, Number 2, June 2001;
2001;Martin R. Woodward;Editorial: Putting specifications to the test.;141-142;2;Volume 11, Number 3, September 2001;
2001;Taeho Kim,Sung Deok Cha;Automated structural analysis of SCR-style software requirements specifications using PVS.;143-163;21;Volume 11, Number 3, September 2001;
2001;Tsong Yueh Chen,Man Fai Lau;Test case selection strategies based on Boolean specifications.;165-180;16;Volume 11, Number 3, September 2001;
2001;Mark Utting,Steve Reeves;Teaching formal methods lite via testing.;181-195;15;Volume 11, Number 3, September 2001;
2001;Robert M. Hierons;Book Review: Spin Model Checking and Software Verification, Proceedings of the 7th International SPIN Workshop, Stanford, CA, USA, By Klaus Havelund, John Penix and Willem Visser (eds.). LNCS 1885.;197-198;2;Volume 11, Number 3, September 2001;
2001;Michelle Cartwright;Book Review: Experimentation in Software Engineering: An Introduction. By Claes Wohlin, Per Runeson, Martin Hst, Magnus C. Ohlsson, Bjrn Regnell and Anders Wessln. Kluwer Academic Publishers, 1999, ISBN 0-7923-8682-5.;198-199;2;Volume 11, Number 3, September 2001;
2001;W. Eric Wong;Editorial: Mutation 2000 - A Symposium on Mutation Testing.;205-206;2;Volume 11, Number 3, December 2001;
2001;Sun-Woo Kim,John Andrew Clark,John A. McDermid;Investigating the effectiveness of object-oriented testing strategies using the mutation method.;207-225;19;Volume 11, Number 3, December 2001;
2001;Sudipto Ghosh,Aditya P. Mathur;Interface mutation.;227-247;21;Volume 11, Number 3, December 2001;
2001;Auri Marcelo Rizzo Vincenzi,Jose Carlos Maldonado,Ellen Francine Barbosa,Marcio Eduardo Delamaro;Unit and integration testing strategies for C programs using mutation.;249-268;20;Volume 11, Number 3, December 2001;
2000;Derek Yates;Editorial: `The Best Ever'.;1-2;2;Volume 10, Number 1, March 2000;
2000;K. S. How Tai Wah;A Theoretical Study of Fault Coupling.;3-45;43;Volume 10, Number 1, March 2000;
2000;Anneliese von Mayrhauser,Dexing Chen;Effect of Fault Distribution and Execution Patterns on Fault Exposure in Software: A Simulation Study.;47-64;18;Volume 10, Number 1, March 2000;
2000;John Murdoch;System Safety: HAZOP and Software HAZOP, Felix Redmill, Morris Chudleigh and James Catmur, Wiley, 1999 (Book Review).;65-66;2;Volume 10, Number 1, March 2000;
2000;Richard N. Taylor;Test Process Improvement, Tim Koomen and Martin Pol, Addison-Wesley, 1999 (Book Review).;67-69;3;Volume 10, Number 1, March 2000;
2000;Martin R. Woodward;Editorial: `The times they are a-changing'.;75-76;2;Volume 10, Number 2, June 2000;
2000;Gregg Rothermel,Mary Jean Harrold,Jeinay Dedhia;Regression Test Selection for C++ Software.;77-109;33;Volume 10, Number 2, June 2000;
2000;David A. Carrington,Ian MacColl,Jason McDonald,Leesa Murray,Paul A. Strooper;From Object-Z Specifications to ClassBench Test Suites.;111-137;27;Volume 10, Number 2, June 2000;
2000;Alexandra Poulovassilis;Classical and Object-Oriented Software Engineering with UML and C++, Stephen R. Schach, McGraw-Hill, 1998 (Book Review).;139-140;2;Volume 10, Number 2, June 2000;
2000;Paul Krause;Software Test Automation: Effective Use of Test Execution Tools, Mark Fewster and Dorothy Graham, Addison-Wesley, 1999 (Book Review).;140-142;3;Volume 10, Number 2, June 2000;
2000;Martin R. Woodward;Editorial: `Collaboration, collaboration, collaboration'.;147-148;2;Volume 10, Number 3, September 2000;
2000;Thomas A. Ball,Daniel Hoffman,Frank Ruskey,Richard Webber,Lee J. White;State Generation and Automated Class Testing.;149-170;22;Volume 10, Number 3, September 2000;
2000;Mary Jean Harrold,Gregg Rothermel,Kent Sayre,Rui Wu,Liu Yi;An Empirical Investigation of the Relationship Between Spectra Differences and Regression Faults.;171-194;24;Volume 10, Number 3, September 2000;
2000;John Derrick;Concurrent and Real-Time Systems: The CSP Approach, Steve Schneider, Wiley, 2000 (Book Review).;195;1;Volume 10, Number 3, September 2000;
2000;Robert M. Hierons;Testing Object-Oriented Software: Life-Cycle Solutions, Imran Bashir and Amrit L. Goel, Springer-Verlag, 2000 (Book Review).;196;1;Volume 10, Number 3, September 2000;
2000;Robert M. Hierons,John Derrick;Editorial: special issue on specification-based testing.;201-202;2;Volume 10, Number 4, December 2000;
2000;Hyoung Seok Hong,Young Gon Kim,Sung Deok Cha,Doo-Hwan Bae,Hasan Ural;A test sequence selection method for statecharts.;203-227;25;Volume 10, Number 4, December 2000;
2000;Guido Wimmel,Heiko Lotzbeyer,Alexander Pretschner,Oscar Slotosch;Specification based test sequence generation with propositional logic.;229-248;20;Volume 10, Number 4, December 2000;
2000;Stephen H. Edwards;Black-box testing using flowgraphs: an experimental assessment of effectiveness and automation potential.;249-262;14;Volume 10, Number 4, December 2000;
1999;Derek Yates;Editorial: Crisis - What Crisis?;1-2;2;Volume 9, Number 1, March 1999;
1999;Daniel Hoffman,Paul A. Strooper,Lee J. White;Boundary Values and Automated Component Testing.;3-26;24;Volume 9, Number 1, March 1999;
1999;John Derrick,Eerke A. Boiten;Testing Refinements of State-based Formal Specifications.;27-50;24;Volume 9, Number 1, March 1999;
1999;Delia I. S. Marx,Phyllis G. Frankl;Path-sensitive Alias Analysis for Data Flow Testing.;51-73;23;Volume 9, Number 1, March 1999;
1999;Stuart Reid;Software Fault Injection: Inoculating Programs Against Errors, by Jeffrey Voas and Gary McGraw, Wiley, 1998 (Book Review).;75-76;2;Volume 9, Number 1, March 1999;
1999;Robert M. Hierons;Correct Systems: Building a Business Process Solution, by Mike Holcombe and Florentin Ipate, Springer-Verlag, 1998 (Book Review).;76-77;2;Volume 9, Number 1, March 1999;
1999;Martin R. Woodward;Editorial: V is for Verification.;83-84;2;Volume 9, Number 2, June 1999;
1999;Myla Archer,Amy Lo,Ronald A. Olsson;Towards a Transformational Approach to Program Verification.;85-106;22;Volume 9, Number 2, June 1999;
1999;Cui Zhang,Brian R. Becker,Dave Peticolas,Ronald A. Olsson,Karl N. Levitt;LVT: A Layered Verification Technique for Distributed Computing Systems.;107-133;27;Volume 9, Number 2, June 1999;
1999;Simon Burton;Testing Safety-Related Software: a Practical Handbook, by S. Gardiner (Editor), Springer-Verlag, 1999 (Book Review).;135-136;2;Volume 9, Number 2, June 1999;
1999;Dorothy R. Graham;Surviving the Top Ten Challenges of Software Testing: a People-Oriented Approach, by William E. Perry and Randall W. Rice, Dorset House, 1997 (Book Review).;136-137;2;Volume 9, Number 2, June 1999;
1999;Robert M. Hierons;Editorial: What does testing tell us?;143-144;2;Volume 9, Number 3, September 1999;
1999;Andrea Bondavalli,Silvano Chiaradonna,Felicita Di Giandomenico,Lorenzo Strigini;A Contribution to the Evaluation of the Reliability of Iterative-Execution Software.;145-166;22;Volume 9, Number 3, September 1999;
1999;James Miller;Estimating the Number of Remaining Defects after Inspection.;167-189;23;Volume 9, Number 3, September 1999;
1999;Robert M. Hierons;Machine Learning, by Tom M. Mitchell, McGraw-Hill, 1997 (Book Review).;191-193;3;Volume 9, Number 3, September 1999;
1999;Marc Roper;Testing Object-Oriented Software, by David C. Kung, Pei Hsia and Jerry Gao, IEEE Computer Society, 1998 (Book Review).;193-194;2;Volume 9, Number 3, September 1999;
1999;Lee J. White;Editorial: Submission of Position Papers and Letters to the Editor.;199-200;2;Volume 9, Number 4, December 1999;
1999;Richard G. Hamlet;Tribute: John Gannon.;201-203;3;Volume 9, Number 4, December 1999;
1999;Elfurjani Sassi Mresa,Leonardo Bottaci;Efficiency of Mutation Operators and Selective Mutation Strategies: An Empirical Study.;205-232;28;Volume 9, Number 4, December 1999;
1999;Robert M. Hierons,Mark Harman,Sebastian Danicic;Using Program Slicing to Assist in the Detection of Equivalent Mutants.;233-262;30;Volume 9, Number 4, December 1999;
1999;Roy P. Pargas,Mary Jean Harrold,Robert Peck;Test-Data Generation Using Genetic Algorithms.;263-282;20;Volume 9, Number 4, December 1999;
1999;Hongji Yang;The Renaissance of Legacy Systems: Method Support for Software-System Evolution, Ian Warren, Springer-Verlag, 1999 (Book Review).;283;1;Volume 9, Number 4, December 1999;
1999;Geoff Quentin;Automated Software Testing: Introduction, Management and Performance, Elfriede Dustin, Jeff Rashka and John Paul, Addison-Wesley, 1999 (Book Review).;283-284;2;Volume 9, Number 4, December 1999;
1998;Derek Yates;Editorial: A History Lesson?;1;1;Volume 8, Number 1, March 1998;
1998;Ivor T. A. Spence;Specification for Testing - The Removal of Abstraction.;3-14;12;Volume 8, Number 1, March 1998;
1998;Fevzi Belli,Oliver Jack;Declarative Paradigm of Test Coverage.;15-47;33;Volume 8, Number 1, March 1998;
1998;Mark B. Josephs;Protocol Specification, Testing and Verification XV, by Piotr Dembinski and Marek Sredniawa (Editors), Chapman and Hall, 1996 (Book Review).;49;1;Volume 8, Number 1, March 1998;
1998;Martin R. Woodward;Editorial: Time and time again.;59-60;2;Volume 8, Number 2, June 1998;
1998;Florentin Ipate,Mike Holcombe;Specification and Testing Using Generalised Machines: A Presentation and a Case Study.;61-81;21;Volume 8, Number 2, June 1998;
1998;Hans van der Schoot,Hasan Ural;An Improvement of Partial-Order Verification.;83-102;20;Volume 8, Number 2, June 1998;
1998;Harold W. Thimbleby;Formal Methods in Human-Computer Interaction, by Philippe Palanque and Fabio Paterno (Editors), Springer-Verlag, 1998 (Book Review).;103-104;2;Volume 8, Number 2, June 1998;
1998;Colin Tully;Software Process Improvement: Practical Guidelines for Business Success, by Sami Zahran, Addison-Wesley, 1997 (Book Review).;105-106;2;Volume 8, Number 2, June 1998;
1998;Lee J. White;Editorial: What is the Developer-to-Tester Ratio?;111-112;2;Volume 8, Number 3, September 1998;
1998;May Barghout,Bev Littlewood,Abdallah A. Abdel-Ghaly;A Non-Parametric Order Statistics Software Reliability Model.;113-132;20;Volume 8, Number 3, September 1998;
1998;Zhenyi Jin,Jeff Offutt;Coupling-based Criteria for Integration Testing.;133-154;22;Volume 8, Number 3, September 1998;
1998;Antonia Bertolino,Lorenzo Strigini;Assessing the Risk due to Software Faults: Estimates of Failure Rate versus Evidence of Perfection.;155-166;12;Volume 8, Number 3, September 1998;
1998;Dilip Patel;Object-Oriented Development Process and Metrics, by Dennis de Champeaux and Penelope K. Faure, Prentice Hall, 1997 (Book Review).;167;1;Volume 8, Number 3, September 1998;
1998;Robert Lockhart;Software Verification and Validation: A Practitioner's Guide, by Steven R. Rakitin, Artech House, 1997 (Book Review).;168;1;Volume 8, Number 3, September 1998;
1998;Robin W. Whitty;Editorial: Quantum Computing, Software Testing and the Millennium Bug.;173-174;2;Volume 8, Number 4, December 1998;
1998;Martin R. Woodward;Change of Book Reviews Editor.;174-175;2;Volume 8, Number 4, December 1998;
1998;Manoochehr Ghiassi;Toward a Cooperative Testing Process.;177-190;14;Volume 8, Number 4, December 1998;
1998;Zorica Mihajlovic,Dusan M. Velasevic;A Knowledge-Based Test Plan Generator for Incremental Unit and Integration Software Testing.;191-211;21;Volume 8, Number 4, December 1998;
1998;Felix Redmill;Managing Risk: Methods for Software Systems Development, by Elaine M. Hall, Addison Wesley Longman, 1998 (Book Review).;213-214;2;Volume 8, Number 4, December 1998;
1997;Derek Yates;Editorial.;1-2;2;Volume 7, Number 1, March 1997;
1997;Hareton Leung;Improving the Testing Process Based Upon Standards.;3-18;16;Volume 7, Number 1, March 1997;
1997;Robert M. Hierons;Testing from a Z Specification.;19-33;15;Volume 7, Number 1, March 1997;
1997;Mehmet Sahinoglu,Unal Can;Alternative Parameter Estimation Methods for the Compound Poisson Software Reliability Model with Clustered Failure Data.;35-57;23;Volume 7, Number 1, March 1997;
1997;Min Xie 0001;Handbook of Software Reliability Engineering, by Michael R. Lyu (Editor), McGraw-Hill and IEEE Computer Society, 1996 (Book Review).;59-60;2;Volume 7, Number 1, March 1997;
1997;Alan B. Hayes;Object-Oriented Software Testing: A Hierarchical Approach, by Shel Siegel, Wiley, 1996 (Book Reviews).;60-61;2;Volume 7, Number 1, March 1997;
1997;Martin R. Woodward;Editorial: Research publication standards - making the right judgements.;67-68;2;Volume 7, Number 2, June 1997;
1997;R. Iorgulescu,Rudolph E. Seviora;A Method for Continuous Real-Time Supervision.;69-98;30;Volume 7, Number 2, June 1997;
1997;Fraser MacDonald,James Miller;A Software Inspection Process Definition Language and Prototype Support Tool.;99-128;30;Volume 7, Number 2, June 1997;
1997;Helene Waeselynck;Specification in B: An Introduction Using the B Toolkit, by Kevin Lano and Howard Haughton, Imperial College Press, distributed by World Scientific Publishing, 1996 (Book Review).;129-130;2;Volume 7, Number 2, June 1997;
1997;Robin W. Whitty;Software Inspection: An Industry Best Practice, by David A. Wheeler, Bill Brykczynski and Reginald N Meeson, Jr., IEEE Computer Society, 1996 (Book Review).;130-132;3;Volume 7, Number 2, June 1997;
1997;Robin W. Whitty;Editorial: What do we want to get out of testing?;137-138;2;Volume 7, Number 3, September 1997;
1997;Richard Bache;The Effect of Fault Size on Testing.;139-152;14;Volume 7, Number 3, September 1997;
1997;Robert M. Hierons,Michael P. Wiper;Estimation of Failure Rate using Random and Partition Testing.;153-164;12;Volume 7, Number 3, September 1997;
1997;Jeff Offutt,Jie Pan;Automatically Detecting Equivalent Mutants and Infeasible Paths.;165-192;28;Volume 7, Number 3, September 1997;
1997;Richard Bache;Reliability, Quality and Safety of Software-intensive Systems, by Dimitris Gritzalis (Editor), Chapman and Hall, 1997 (Book Review).;193;1;Volume 7, Number 3, September 1997;
1997;Tracy Hall;Managing Software Quality, by Brian Hambling, McGraw-Hill, 1996 (Book Review).;194;1;Volume 7, Number 3, September 1997;
1997;Lee J. White;Editorial: A six-year perspective - the readership and content of STVR.;199-200;2;Volume 7, Number 4, December 1997;
1997;Raymond W. Lo,Karl N. Levitt,Ronald A. Olsson;Validation of Array Accesses: Integration of Flow Analysis and Program Verification Techniques.;201-227;27;Volume 7, Number 4, December 1997;
1997;Thomas Ericson,Anders Subotic,Stig Ursing;TIM - A Test Improvement Model.;229-246;18;Volume 7, Number 4, December 1997;
1997;Robert Lockhart;Information Security in Research and Business, by Louise Yngstrm and Jan Carlsen (Editors), Thomson Science & Professional, 1997 (Book Review).;247-248;2;Volume 7, Number 4, December 1997;
1996;Martin R. Woodward;Editorial: Testing - a Sisyphean or Herculean Task?;1-2;2;Volume 6, Number 1, March 1996;
1996;Hong Zhu;A Formal Interpretation of Software Testing as Inductive Inference.;3-31;29;Volume 6, Number 1, March 1996;
1996;Lorenzo Strigini;On Testing Process Control Software for Reliability Assessment: the Effects of Correlation between Successive Failures.;33-48;16;Volume 6, Number 1, March 1996;
1996;K. S. How Tai Wah;Black-Box Testing: Techniques for Functional Testing of Software and Systems, by Boris Beizer, Wiley, 1995 (Book Review).;49-50;2;Volume 6, Number 1, March 1996;
1996;Richard Bache;Software Reliability and Testing, by Hoang Pham (Editor), IEEE Computer Society, 1995 (Book Review).;50-52;3;Volume 6, Number 1, March 1996;
1996;Robin W. Whitty;Editorial.;59-60;2;Volume 6, Number 2, June 1996;
1996;Fraser MacDonald,James Miller,Andrew Brooks,Marc Roper,Murray Wood;Applying Inspection to Object-Oriented Code.;61-82;22;Volume 6, Number 2, June 1996;
1996;Rajiv Gupta,Mary Jean Harrold,Mary Lou Soffa;Program Slicing-Based Regression Testing Techniques.;83-111;29;Volume 6, Number 2, June 1996;
1996;Antonia Bertolino;Software Assessment: Reliability, Safety, Testability, by Michael A. Friedman and Jeffrey M. Voas, Wiley, 1995 (Book Review).;113-115;3;Volume 6, Number 2, June 1996;
1996;Brian A. Wichmann;Design of Dependable Ada Software, by G. Motet, A. Mapinard and J. C. Geoffroy, Prentice Hall, 1995 (Book Review).;115-116;2;Volume 6, Number 2, June 1996;
1996;Lee J. White;Editorial: About the contents of this double issue - `Testing Object-Oriented Software: A Survey' by Robert V. Binder.;123-124;2;Volume 6, Numbers 3/4, September-December 1996;
1996;Robert V. Binder;Testing Object-Oriented Software: A Survey.;125-252;128;Volume 6, Numbers 3/4, September-December 1996;
1996;Robin W. Whitty;Achieving Quality in Software: Proceedings of the Third International Conference on Achieving Quality in Software, by Sandro Bologna and Giacomo Bucci (Editors), Chapman and Hall, 1996 (Book Review).;253-255;3;Volume 6, Numbers 3/4, September-December 1996;
1996;Martin West;Object-Oriented Metrics: Measures of Complexity, by Brian Henderson-Sellers, Prentice Hall, 1996 (Book Review).;255-256;2;Volume 6, Numbers 3/4, September-December 1996;
1995;Martin R. Woodward;Editorial: Testing Matters.;1-2;2;Volume 5, Number 1, March 1995;
1995;K. S. How Tai Wah;Fault Coupling in Finite Bijective Functions.;3-47;45;Volume 5, Number 1, March 1995;
1995;Kurt M. Olender,James M. Bieman;Algebraic Specifications and Sequencing: A Defect Detection Method.;49-70;22;Volume 5, Number 1, March 1995;
1995;Rachel Harrison;Software Testing, by Marc Roper, McGraw-Hill, 1994 (Book Review).;71;1;Volume 5, Number 1, March 1995;
1995;Derek Yates;Editorial.;79-80;2;Volume 5, Number 2, June 1995;
1995;Janusz W. Laski,Wojciech Szermer,Piotr Luczycki;Error Masking in Computer Programs.;81-105;25;Volume 5, Number 2, June 1995;
1995;Stephen Murrell,Robert T. Plant;Decision Tables: Formalisation, Validation and Verification.;107-132;26;Volume 5, Number 2, June 1995;
1995;Robin W. Whitty;Software in Safety-Related Systems, by Brian Wichmann (Editor), Wiley, 1992 and Safety-Critical Systems: Current Issues, Techniques and Standards, Felix Redmill and Tom Anderson (Editors), Chapman & Hall, 1993 and Directions in Safety-Critical Systems, by Felix Redmill and Tom Anderson (Editors), Springer-Verlag, 1993 and Technology and Assessment of Safety-Critical Systems, Felix Redmill and Tom Anderson (Editors), Springer-Verlag, 1994 and Achievement and Assurance of Safety, Felix Redmill and Tom Anderson (Editors), Springer-Verlag, 1995 and Journal: High Integrity Systems, Andrew D. McGettrick (Editor), Oxford University Press (Books and Journal Review).;133-135;3;Volume 5, Number 2, June 1995;
1995;Cindy Morelli,Bill Hetzel;Guest Editorial: EuroSTAR '94.;141-142;2;Volume 5, Number 3, September 1995;
1995;Mark Harman,Sebastian Danicic;Using Program Slicing to Simplify Testing.;143-162;20;Volume 5, Number 3, September 1995;
1995;Monika Mullerburg;Systematic Testing: A Means for Validating Reactive Systems.;163-179;17;Volume 5, Number 3, September 1995;
1995;Patrizia Bondi,Guido Simonetti;Evaluating the Reliability of the Software of a Switching System with a Multi-variable Model.;181-202;22;Volume 5, Number 3, September 1995;
1995;Deryk Pavey;Safer C: Developing Software for High-Integrity and Safety-Critical Systems, by Les Hatton, McGraw-Hill, 1995 (Book Review).;203-204;2;Volume 5, Number 3, September 1995;
1995;Jennifer Stapleton;The Handbook of MIS Application Software Testing: Methods, Techniques, and Tools for Assuring Quality Through Testing, by Daniel J. Mosley, Prentice Hall, 1992 (Book Review).;205;1;Volume 5, Number 3, September 1995;
1995;Lee J. White;Editorial.;211-212;2;Volume 5, Number 4, December 1995;
1995;Claes Wohlin,Per Runeson,Johan Brantestam;An Experimental Evaluation of Capture-Recapture in Software Inspections.;213-232;20;Volume 5, Number 4, December 1995;
1995;Anca I. Vermesan,Trevor J. M. Bench-Capon;Techniques for the Verification and Validation of Knowledge-based Systems: A Survey Based on the Symbol/Knowledge Level Distinction.;233-271;39;Volume 5, Number 4, December 1995;
1995;David Wilson;Software Quality: A Framework for Success in Software Development and Support, by Joc Sanders and Eugene Curran, Addison-Wesley, 1994 (Book Review).;273;1;Volume 5, Number 4, December 1995;
1995;Martin Neil;Metrics and Models in Software Quality Engineering, by Stephen H. Kan, Addison-Wesley, 1995 (Book Review).;273-275;3;Volume 5, Number 4, December 1995;
1994;Derek Yates;Editorial.;1-2;2;Volume 4, Number 1, March 1994;
1994;Alan Veevers,Adam C. Marshall;A Relationship Between Software Coverage Metrics and Reliability.;3-8;6;Volume 4, Number 1, March 1994;
1994;Aditya P. Mathur,W. Eric Wong;An Empirical Comparison of Data Flow and Mutation-Based Test Adequacy Criteria.;9-31;23;Volume 4, Number 1, March 1994;
1994;Harry M. Sneed;Validating Functional Equivalence of Re-engineered Programs via Control Path, Result, and Data Flow Comparison.;33-44;12;Volume 4, Number 1, March 1994;
1994;Boris Beizer;Rebuttal of the Book Review by R. Whitty of `Software Testing Techniques' (2nd Edition).;45-48;4;Volume 4, Number 1, March 1994;
1994;Robin W. Whitty;Reply to the Rebuttal of the Review of Beizer's `Software Testing Techniques' (2nd Edition).;49;1;Volume 4, Number 1, March 1994;
1994;Thom Gillespie;User Interface Software, by Len Bass and Prasun Dewan (Editors), Wiley, 1993 (Book Review).;51;1;Volume 4, Number 1, March 1994;
1994;Mikey Williams;Developing User Interfaces: Ensuring Usability Through Product and Process, by Deborah Hix and H. Rex Hartson, Wiley, 1993 (Book Review).;51-53;3;Volume 4, Number 1, March 1994;
1994;Robin W. Whitty;Editorial.;61-62;2;Volume 4, Number 2, June 1994;
1994;John Bainbridge;Defining Testability Metrics Axiomatically.;63-80;18;Volume 4, Number 2, June 1994;
1994;Colin J. Burgess;The Automated Generation of Test Cases for Compilers.;81-99;19;Volume 4, Number 2, June 1994;
1994;Ann Jackson,Daniel Hoffman;Inspecting Module Interface Specifications.;101-117;17;Volume 4, Number 2, June 1994;
1994;Norman E. Fenton;Software Engineering Metrics, Volume 1: Measures and Validations, by Martin Sheppard, McGraw-Hill, 1993 (Book Review).;119;1;Volume 4, Number 2, June 1994;
1994;Norbert E. Fuchs;ISO 9001 and Software Quality Assurance, by Darrel Ince, McGraw-Hill, 1994 (Book Review).;119-120;2;Volume 4, Number 2, June 1994;
1994;Martin R. Woodward;Editorial.;129-130;2;Volume 4, Number 3, September 1994;
1994;Jeff Offutt,W. M. Craft;Using Compiler Optimization Techniques to Detect Equivalent Mutants.;131-154;24;Volume 4, Number 3, September 1994;
1994;Kevin Lano;Transformational Program Analysis.;155-189;35;Volume 4, Number 3, September 1994;
1994;David Mole;Z - An Introduction to Formal Methods, by Antoni Diller, Wiley, Second Edition, 1994 (Book Review).;191;1;Volume 4, Number 3, September 1994;
1994;Bruce Elliott;Cutting Your Test Development Time with HP VEE, an Iconic Programming Language, Hewlett-Packard, 1994 (Book Review).;192;1;Volume 4, Number 3, September 1994;
1994;Lee J. White;Editorial: Too Many Conference Choices?;199-201;3;Volume 4, Number 4, December 1994;
1994;Alireza Azem,Fevzi Belli;Determining the Reliability of Prolog Programs.;203-222;20;Volume 4, Number 4, December 1994;
1994;W. J. Yeh,M. Young;Re-designing Tasking Structures of Ada Programs for Analysis: A Case Study.;223-253;31;Volume 4, Number 4, December 1994;
1994;Robin W. Whitty;Object-Oriented Software Metrics, by Mark Lorenz and Jeff Kidd, Prentice Hall, 1994 (Book Review).;255-256;2;Volume 4, Number 4, December 1994;
1993;Martin R. Woodward;Editorial.;1-2;2;Volume 3, Number 1, March 1993;
1993;Min Xie 0001;Software Reliability Models: A Selected Annotated Bibliography.;3-28;26;Volume 3, Number 1, March 1993;
1993;Rajiv Gupta,Mary Lou Soffa;Employing Static Information in the Generation of Test Cases.;29-48;20;Volume 3, Number 1, March 1993;
1993;Darius Karkaria;Independent Verification and Validation: a Life Cycle Engineering Process for Quality Software, by R. O. Lewis, Wiley, 1992 (Book Review).;49-51;3;Volume 3, Number 1, March 1993;
1993;Robert Lockhart;Discrete Event Simulation in C, by Kevin Watkins, McGraw-Hill, 1993 (Book Review).;51-53;3;Volume 3, Number 1, March 1993;
1993;Lee J. White;Editorial: Need for a Testing Metric - Error Detection Rate.;61-62;2;Volume 3, Number 2, June 1993;
1993;Matthias Grochtmann,Klaus Grimm;Classification Trees for Partition Testing.;63-82;20;Volume 3, Number 2, June 1993;
1993;Aniello Cimitile,Ugo de Carlini,Umberto Villano;Replay-Based Debugging of Occam Programs.;83-100;18;Volume 3, Number 2, June 1993;
1993;Moheb R. Girgis;Using Symbolic Execution and Data Flow Criteria to Aid Test Data Selection.;101-112;12;Volume 3, Number 2, June 1993;
1993;Lesley Semmens;Method Integration: Concepts and Case Studies, by Klaus Kronlf (Editor), Wiley, 1993 (Book Review).;113-114;2;Volume 3, Number 2, June 1993;
1993;Dorothy R. Graham,Bill Hetzel;Guest Editorial: EuroSTAR '93.;121-123;3;Volume 3, Numbers 3/4, September-December 1993;
1993;Shaun Davey,Dave Huxford,John Liddiard,Mark Powley,Alan Smith;Metrics Collection in Code and Unit Test as Part of Continuous Quality Improvement.;125-148;24;Volume 3, Numbers 3/4, September-December 1993;
1993;Mike Holcombe;An Integrated Methodology for the Specification, Verification and Testing of Systems.;149-163;15;Volume 3, Numbers 3/4, September-December 1993;
1993;Marc Roper,Ab. Rashid bin Ab. Rahim;Software Testing Using Analysis and Design Based Techniques.;165-179;15;Volume 3, Numbers 3/4, September-December 1993;
1993;Dieter Welzel,Hans-Ludwig Hausen,Jorgen Boegh;A Metric-Based Software Evaluation Method.;181-194;14;Volume 3, Numbers 3/4, September-December 1993;
1992;Martin R. Woodward;Editorial.;1-2;2;Volume 2, Number 1, May 1992;
1992;Kenneth A. Foster;An Example of Testing Versus Verification.;3-6;4;Volume 2, Number 1, May 1992;
1992;Gilbert Thomas Laycock;Formal Specification and Testing: A Case Study.;7-23;17;Volume 2, Number 1, May 1992;
1992;Jeffrey M. Voas,Keith W. Miller;The Revealing Power of a Test Case.;25-42;18;Volume 2, Number 1, May 1992;
1992;James M. Bieman;"Rapid Evolutionary Development: Requirements; Prototyping and Software Creation, by Lowell Jay Arthur, Wiley, 1992 (Book Review).";43-44;2;Volume 2, Number 1, May 1992;
1992;Norman E. Fenton;The Cleanroom Approach to Quality Software Development, by Michael Dyer, Wiley, 1992 (Book Review).;44-45;2;Volume 2, Number 1, May 1992;
1992;Motoei Azuma;Dependable Computing and Fault-Tolerant Systems, Vol. 5 - Dependability: Basic Concepts and Terminology, by J. C. Laprie (Editor), Springer-Verlag, 1992 (Book Review).;45-46;2;Volume 2, Number 1, May 1992;
1992;Lee J. White;Editorial.;51-52;2;Volume 2, Number 2, July 1992;
1992;J. Christian Wild,Steven J. Zeil,Gao Feng,Ji Chen;Employing Accumulated Knowledge to Refine Test Descriptions.;53-68;16;Volume 2, Number 2, July 1992;
1992;Hong Zhu,Patrick A. V. Hall,John H. R. May;Inductive Inference and Software Testing.;69-81;13;Volume 2, Number 2, July 1992;
1992;Andreas Spillner 0002;Control Flow and Data Flow Oriented Integration Test Methods.;83-98;16;Volume 2, Number 2, July 1992;
1992;Marianne Muller;Statistical Methods for Testing, Development and Manufacturing, by Forrest W. Breyfogle III, Wiley, 1992 (Book Review).;99;1;Volume 2, Number 2, July 1992;
1992;Bryan Bridge;Reliability and Robustness of Engineering Software II, by C. A. Brebbia and A. J. Ferrante (Editors), Computational Mechanics Publications, 1991 (Book Review).;99-103;5;Volume 2, Number 2, July 1992;
1992;Robin W. Whitty;Editorial.;111;1;Volume 2, Number 3, September 1992;
1992;Marc Roper;Software Testing: A Selected Annotated Bibliography.;113-132;20;Volume 2, Number 3, September 1992;
1992;Maarten H. van Emden;Structured Inspections of Code.;133-153;21;Volume 2, Number 3, September 1992;
1992;Norman E. Fenton;Software Quality: Theory and Management, by Alan C. Gillies, Chapman and Hall, 1992 (Book Review).;155;1;Volume 2, Number 3, September 1992;
1992;Chris Miller;Software Metrics: a Practitioner's Guide to Improved Product Development, by K. H. Mller and D.J. Paulish, Chapman and Hall, 1992 (Book Review).;155-157;3;Volume 2, Number 3, September 1992;
1992;Suman Sharma;ami Handbook: a Quantitative Approach to Software Management, by A. Combelles, J. Holdsworth and S. Shirlaw (Editors), Published by South Bank University, 1992 (Book Review).;157;1;Volume 2, Number 3, September 1992;
1992;Derek Yates,Martin R. Woodward;Editorial.;165-166;2;Volume 2, Number 4, December 1992;
1992;Brian A. Wichmann,M. G. Cox;Problems and Strategies for Software Component Testing Standards.;167-185;19;Volume 2, Number 4, December 1992;
1992;Andrew Storey;A Specification Case Study Using the B-Methodology.;187-202;16;Volume 2, Number 4, December 1992;
1992;Bogdan Korel;Dynamic Method of Software Test Data Generation.;203-213;11;Volume 2, Number 4, December 1992;
1992;Robin W. Whitty;Software Testing Techniques, by Boris Beizer, Van Nostrand Reinhold, Second Edition, 1990 and Testing Computer Software, by C. Kaner, J. Falik and H. Q. Nguyen, Van Nostrand Reinhold, Second Edition, 1993 (Book Review).;215-216;2;Volume 2, Number 4, December 1992;
1991;Derek Yates;Editorial.;3-4;2;Volume 1, Number 1, April-June 1991;
1991;William E. Howden;Program Testing versus Proofs of Correctness.;5-15;11;Volume 1, Number 1, April-June 1991;
1991;Alan Veevers;Some Issues in Software Reliability Assessment.;17-22;6;Volume 1, Number 1, April-June 1991;
1991;Michael A. Hennell;How to Avoid Systematic Software Testing.;23-30;8;Volume 1, Number 1, April-June 1991;
1991;M. Dyer;Software Reliability - What Is It?;31-38;8;Volume 1, Number 1, April-June 1991;
1991;Robin W. Whitty;An Exercise in Weakest Preconditions.;39-43;5;Volume 1, Number 1, April-June 1991;
1991;Richard Bache;GOTO considered alive and well.;44-45;2;Volume 1, Number 1, April-June 1991;
1991;Bob Cole;Engineering Quality Software: A Review of Current Practices, Standards and Guidelines Including New Methods and Development Tools, by avid J. Smith and Kenneth B. Wood, Elsevier (Book Review).;47-48;2;Volume 1, Number 1, April-June 1991;
1991;Lee J. White;Editorial.;3-4;2;Volume 1, Number 2, July-September 1991;
1991;Pascale Thevenod-Fosse,Helene Waeselynck;An Investigation of Statistical Software Testing.;5-25;21;Volume 1, Number 2, July-September 1991;
1991;Norman E. Fenton,Barbara A. Kitchenham;Validating Software Measures.;27-42;16;Volume 1, Number 2, July-September 1991;
1991;Mark Fewster;The Managing Director Wants 100 per cent Automated Testing: A Case History.;43-55;13;Volume 1, Number 2, July-September 1991;
1991;J. D. Wigg;Response to `GOTO considered alive and well' by R. Bache.;57-58;2;Volume 1, Number 2, July-September 1991;
1991;Richard Tinker;Software Design for Real-Time Systems, by J. E. Cooling, Chapman and Hall, 1990 (Book Review).;59-60;2;Volume 1, Number 2, July-September 1991;
1991;Martin Bush;Software Quality and Reliability: Tools and Methods, by Darrel Ince (Editor), Chapman and Hall, 1991 (Book Review).;60-61;2;Volume 1, Number 2, July-September 1991;
1991;Robin W. Whitty;Editorial.;3-4;2;Volume 1, Number 3, October-December 1991;
1991;Adam C. Marshall;A Conceptual Model of Software Testing.;5-16;12;Volume 1, Number 3, October-December 1991;
1991;Dorothy R. Graham;Software Testing Tools: A New Classification Scheme.;17-34;18;Volume 1, Number 3, October-December 1991;
1991;Martin R. Woodward;Concerning Ordered Mutation Testing of Relational Operators.;35-40;6;Volume 1, Number 3, October-December 1991;
1991;Norman E. Fenton;Software Complexity: Measures and Methods, by Horst Zuse, Published by Walter de Gruyter, 1990 (Book Review).;41-42;2;Volume 1, Number 3, October-December 1991;
1991;Ronald E. Prather;Software Metrics: A Rigorous Approach, by Norman Fenton, Chapman and Hall, 1991 (Book Review).;43;1;Volume 1, Number 3, October-December 1991;
1992;Derek Yates;Editorial.;1-2;2;Volume 1, Number 4, January-March 1992;
1992;I. M. M. Duncan,D. J. Robson;Parametrized Mutation Testing.;3-16;14;Volume 1, Number 4, January-March 1992;
1992;Martin Neil;Multivariate Assessment of Software Products.;17-37;21;Volume 1, Number 4, January-March 1992;
1992;Stuart H. Zweben,Wayne D. Heym,Jon Kimmich;Systematic Testing of Data Abstractions Based on Software Specifications.;39-55;17;Volume 1, Number 4, January-March 1992;
1992;Dave Preston;Methods and Tools for Software Configuration Management, by J. Whitgift, Wiley (Book Review).;57-59;3;Volume 1, Number 4, January-March 1992;
1992;David Mole;Software Configuration Management, by H. Ronald Berlack, Wiley (Book Review).;59-60;2;Volume 1, Number 4, January-March 1992;
