2015;Matthew B. Dwyer,David S. Rosenblum;Editorial Journal-First Publication for the Software Engineering Community.;1:1-1:2;2;Volume 25, Number 1, December 2015;
2015;William Dietz,Peng Li,John Regehr,Vikram S. Adve;Understanding Integer Overflow in C/C++.;2:1-2:29;29;Volume 25, Number 1, December 2015;
2015;Sebastian Proksch,Johannes Lerch,Mira Mezini;Intelligent Code Completion with Bayesian Networks.;3:1-3:31;31;Volume 25, Number 1, December 2015;
2015;Stefano Di Alesio,Lionel C. Briand,Shiva Nejati,Arnaud Gotlieb;Combining Genetic Algorithms and Constraint Programming to Support Stress Testing of Task Deadlines.;4:1-4:37;37;Volume 25, Number 1, December 2015;
2015;Mariano Ceccato,Alessandro Marchetto,Leonardo Mariani,Duy Cu Nguyen,Paolo Tonella;Do Automatically Generated Test Cases Make Debugging Easier? An Experimental Assessment of Debugging Effectiveness and Efficiency.;5:1-5:38;38;Volume 25, Number 1, December 2015;
2015;Seyedeh Sepideh Emam,James Miller;Test Case Prioritization Using Extended Digraphs.;6:1-6:41;41;Volume 25, Number 1, December 2015;
2015;Robert Dyer 0001,Hoan Anh Nguyen,Hridesh Rajan,Tien N. Nguyen;Boa: Ultra-Large-Scale Software Repository and Source-Code Mining.;7:1-7:34;34;Volume 25, Number 1, December 2015;
2015;Phil McMinn,Chris J. Wright,Gregory M. Kapfhammer;The Effectiveness of Test Coverage Criteria for Relational Database Schema Integrity Constraints.;8:1-8:49;49;Volume 25, Number 1, December 2015;
2015;Karim Ali,Marianna Rapoport,Ondrej Lhotak,Julian Dolby,Frank Tip;Type-Based Call Graph Construction Algorithms for Scala.;9:1-9:43;43;Volume 25, Number 1, December 2015;
2015;Anas Mahmoud,Gary Bradshaw;Estimating Semantic Relatedness in Source Code.;10:1-10:35;35;Volume 25, Number 1, December 2015;
2016;David S. Rosenblum;Editorial.;11:1-11:2;2;Volume 25, Number 2, May 2016;
2016;Saba Alimadadi,Sheldon Sequeira,Ali Mesbah 0001,Karthik Pattabiraman;Understanding JavaScript Event-Based Interactions with Clematis.;12:1-12:38;38;Volume 25, Number 2, May 2016;
2016;Minghui Zhou,Audris Mockus,Xiujuan Ma,Lu Zhang,Hong Mei;Inflow and Retention in OSS Communities with Commercial Involvement: A Case Study of Three Hybrid Projects.;13:1-13:29;29;Volume 25, Number 2, May 2016;
2016;Nuno Machado,Daniel Quinta,Brandon Lucia,Luis E. T. Rodrigues;Concurrency Debugging with Differential Schedule Projections.;14:1-14:37;37;Volume 25, Number 2, May 2016;
2016;Petr Bauch,Vojtech Havel,Jiri Barnat;Control Explicit-Data Symbolic Model Checking.;15:1-15:48;48;Volume 25, Number 2, May 2016;
2016;Esteban Pavese,Victor A. Braberman,Sebastian Uchitel;Less is More: Estimating Probabilistic Rewards over Partial System Explorations.;16:1-16:47;47;Volume 25, Number 2, May 2016;
2016;Robert M. Hierons,Miqing Li,Xiaohui Liu,Sergio Segura,Wei Zheng;SIP: Optimal Product Selection from Feature Models Using Many-Objective Evolutionary Optimization.;17:1-17:39;39;Volume 25, Number 2, May 2016;
2016;Haipeng Cai,Raul A. Santelices,Douglas Thain;DiaPro: Unifying Dynamic Impact Analyses for Improved and Variable Cost-Effectiveness.;18:1-18:50;50;Volume 25, Number 2, May 2016;
2016;Kapil Anand,Khaled Elwazeer,Aparna Kotha,Matthew Smithson,Rajeev Barua,Angelos D. Keromytis;A Stack Memory Abstraction and Symbolic Analysis Framework for Executables.;19:1-19:38;38;Volume 25, Number 2, May 2016;
2016;Islem Baki,Houari A. Sahraoui;Multi-Step Learning and Adaptive Search for Learning Complex Model Transformations from Examples.;20:1-20:37;37;Volume 25, Number 3, August 2016;
2016;Fei He,Xiaowei Gao,Miaofei Wang,Bow-Yaw Wang,Lijun Zhang;Learning Weighted Assumptions for Compositional Verification of Markov Decision Processes.;21:1-21:39;39;Volume 25, Number 3, August 2016;
2016;Jaspreet Bhatia,Travis D. Breaux,Florian Schaub;Mining Privacy Goals from Privacy Policies Using Hybridized Task Recomposition.;22:1-22:24;24;Volume 25, Number 3, August 2016;
2016;Ali Ouni 0001,Marouane Kessentini,Houari A. Sahraoui,Katsuro Inoue,Kalyanmoy Deb;Multi-Criteria Code Refactoring Using Search-Based Software Engineering: An Industrial Case Study.;23:1-23:53;53;Volume 25, Number 3, August 2016;
2016;Ivan Candela,Gabriele Bavota,Barbara Russo,Rocco Oliveto;Using Cohesion and Coupling for Software Remodularization: Is It Enough?;24:1-24:28;28;Volume 25, Number 3, August 2016;
2016;Gregory R. Gay,Ajitha Rajan,Matthew Staats,Michael W. Whalen,Mats Per Erik Heimdahl;The Effect of Program and Model Structure on the Effectiveness of MC/DC Test Adequacy Coverage.;25:1-25:34;34;Volume 25, Number 3, August 2016;
2016;Ricardo M. Czekster,Paulo Henrique Lemelle Fernandes,Lucelene Lopes,Afonso Sales,Alan R. Santos,Thais Webber;Stochastic Performance Analysis of Global Software Development Teams.;26:1-26:32;32;Volume 25, Number 3, August 2016;
2016;Chunbai Yang,Shangru Wu,Wing Kwong Chan;Hierarchical Program Paths.;27:1-27:44;44;Volume 25, Number 3, August 2016;
2014;Filippo Ricca,Giuseppe Scanniello,Marco Torchiano,Gianna Reggio,Egidio Astesiano;Assessing the Effect of Screen Mockups on the Comprehension of Functional Requirements.;1:1-1:38;38;Volume 24, Number 1, September 2014;
2014;Richard Banach,Huibiao Zhu,Wen Su,Xiaofeng Wu;A Continuous ASM Modelling Approach to Pacemaker Sensing.;2:1-2:40;40;Volume 24, Number 1, September 2014;
2014;Guowei Yang,Suzette Person,Neha Rungta,Sarfraz Khurshid;Directed Incremental Symbolic Execution.;3:1-3:42;42;Volume 24, Number 1, September 2014;
2014;Anirudh Santhiar,Omesh Pandita,Aditya Kanade;Mining Unit Tests for Discovery and Migration of Math APIs.;4:1-4:33;33;Volume 24, Number 1, September 2014;
2014;Robert M. Hierons;Combining Centralised and Distributed Testing.;5:1-5:29;29;Volume 24, Number 1, September 2014;
2014;Dilan Sahin,Marouane Kessentini,Slim Bechikh,Kalyanmoy Deb;Code-Smell Detection as a Bilevel Problem.;6:1-6:44;44;Volume 24, Number 1, September 2014;
2014;Kaituo Li,Christoph Reichenbach,Christoph Csallner,Yannis Smaragdakis;Residual Investigation: Predictive and Precise Bug Detection.;7:1-7:32;32;Volume 24, Number 2, December 2014;
2014;Gordon Fraser,Andrea Arcuri;A Large-Scale Evaluation of Automated Unit Test Generation Using EvoSuite.;8:1-8:42;42;Volume 24, Number 2, December 2014;
2014;Warda El Kholy,Jamal Bentahar,Mohamed El-Menshawy,Hongyang Qu,Rachida Dssouli;Conditional Commitments: Reasoning and Model Checking.;9:1-9:49;49;Volume 24, Number 2, December 2014;
2014;Dan Hao,Lingming Zhang,Lu Zhang,Gregg Rothermel,Hong Mei;A Unified Test Case Prioritization Approach.;10:1-10:31;31;Volume 24, Number 2, December 2014;
2014;Hassan Eldib,Chao Wang 0001,Patrick Schaumont;Formal Verification of Software Countermeasures against Side-Channel Attacks.;11:1-11:24;24;Volume 24, Number 2, December 2014;
2014;Juan de Lara Jaramillo,Esther Guerra,Jesus Sanchez Cuadrado;When and How to Use Multilevel Modelling.;12:1-12:46;46;Volume 24, Number 2, December 2014;
2015;Tao Yue,Lionel C. Briand,Yvan Labiche;aToucan: An Automated Framework to Derive UML Analysis Models from Use Case Models.;13:1-13:52;52;Volume 24, Number 3, May 2015;
2015;Giuseppe Scanniello,Carmine Gravino,Michele Risi,Genoveffa Tortora,Gabriella Dodero;Documenting Design-Pattern Instances: A Family of Experiments on Source-Code Comprehensibility.;14:1-14:35;35;Volume 24, Number 3, May 2015;
2015;Elena Sherman,Brady J. Garvin,Matthew B. Dwyer;Deciding Type-Based Partial-Order Constraints for Path-Sensitive Analysis.;15:1-15:33;33;Volume 24, Number 3, May 2015;
2015;Antonio Carzaniga,Alessandra Gorla,Nicolo Perino,Mauro Pezze;Automatic Workarounds: Exploiting the Intrinsic Redundancy of Web Applications.;16:1-16:42;42;Volume 24, Number 3, May 2015;
2015;Wiem Mkaouer,Marouane Kessentini,Adnan Shaout,Patrice Koligheu,Slim Bechikh,Kalyanmoy Deb,Ali Ouni 0001;Many-Objective Software Remodularization Using NSGA-III.;17:1-17:45;45;Volume 24, Number 3, May 2015;
2015;Jooyong Yi,Dawei Qi,Shin Hwei Tan,Abhik Roychoudhury;Software Change Contracts.;18:1-18:43;43;Volume 24, Number 3, May 2015;
2015;Pradeep K. Murukannaiah,Munindar P. Singh;Platys: An Active Learning Framework for Place-Aware Application Development and Its Evaluation.;19:1-19:32;32;Volume 24, Number 3, May 2015;
2015;Peter Alexander Whigham,Caitlin A. Owen,Stephen G. MacDonell;A Baseline Model for Software Effort Estimation.;20:1-20:11;11;Volume 24, Number 3, May 2015;
2015;Mark Harman,Mauro Pezze;Introduction to the Special Issue on ISSTA 2013.;21:1-21:3;3;Volume 24, Number 4, August 2015;
2015;Milos Gligoric,Alex Groce,Chaoqiang Zhang,Rohan Sharma,Mohammad Amin Alipour,Darko Marinov;Guidelines for Coverage-Based Comparisons of Non-Adequate Test Suites.;22:1-22:33;33;Volume 24, Number 4, August 2015;
2015;Gordon Fraser,Matthew Staats,Phil McMinn,Andrea Arcuri,Frank Padberg;Does Automated Unit Test Generation Really Help Software Testers? A Controlled Empirical Study.;23:1-23:49;49;Volume 24, Number 4, August 2015;
2015;Cosmin Radoi,Danny Dig;Effective Techniques for Static Race Detection in Java Parallel Loops.;24:1-24:30;30;Volume 24, Number 4, August 2015;
2015;Jaideep Nijjar,Ivan Bocic,Tevfik Bultan;Data Model Property Inference, Verification, and Repair for Web Applications.;25:1-25:27;27;Volume 24, Number 4, August 2015;
2015;Wei Jin,Alessandro Orso;Automated Support for Reproducing and Debugging Field Failures.;26:1-26:35;35;Volume 24, Number 4, August 2015;
2014;David S. Rosenblum;Editorial.;1:1-1:2;2;Volume 23, Number 1, February 2014;
2014;Robrecht Haesevoets,Danny Weyns,Tom Holvoet;Architecture-centric support for adaptive service collaborations.;2:1-2:40;40;Volume 23, Number 1, February 2014;
2014;Andrew F. Tappenden,James Miller;Automated cookie collection testing.;3:1-3:40;40;Volume 23, Number 1, February 2014;
2014;Gabriele Bavota,Malcom Gethers,Rocco Oliveto,Denys Poshyvanyk,Andrea De Lucia;Improving software modularization via automated analysis of latent topics and dependencies.;4:1-4:33;33;Volume 23, Number 1, February 2014;
2014;Xiao Liu,Yun Yang,Dong Yuan,Jinjun Chen;Do we need to handle every temporal violation in scientific workflow systems?;5:1-5:34;34;Volume 23, Number 1, February 2014;
2014;Federico Mari,Igor Melatti,Ivano Salvo,Enrico Tronci;Model-based synthesis of control software from system-level formal specifications.;6:1-6:42;42;Volume 23, Number 1, February 2014;
2014;Eric Bodden,Eric Tanter,Milton Inostroza;Join point interfaces for safe and flexible decoupling of aspects.;7:1-7:41;41;Volume 23, Number 1, February 2014;
2014;Wes Masri,Rawad Abou Assi;Prevalence of coincidental correctness and mitigation of its impact on fault localization.;8:1-8:28;28;Volume 23, Number 1, February 2014;
2014;Lionel C. Briand,Davide Falessi,Shiva Nejati,Mehrdad Sabetzadeh,Tao Yue;Traceability and SysML design slices to support safety inspections: A controlled experiment.;9:1-9:43;43;Volume 23, Number 1, February 2014;
2014;Yuming Zhou,Baowen Xu,Hareton Leung,Lin Chen;An in-depth study of the potentially confounding effect of class size in fault prediction.;10:1-10:51;51;Volume 23, Number 1, February 2014;
2014;David S. Rosenblum;Editorial.;11:1-11:4;4;Volume 23, Number 2, March 2014;
2014;Kai Pan,Xintao Wu,Tao Xie;Guided test generation for database applications via synthesized database interactions.;12:1-12:27;27;Volume 23, Number 2, March 2014;
2014;Giuseppe Scanniello,Carmine Gravino,Marcela Genero Bocco,Jose A. Cruz-Lemus,Genoveffa Tortora;On the impact of UML analysis models on source-code comprehensibility and modifiability.;13:1-13:26;26;Volume 23, Number 2, March 2014;
2014;Thomas Fritz,Gail C. Murphy,Emerson R. Murphy-Hill,Jingwen Ou,Emily Hill;Degree-of-knowledge: Modeling a developer's knowledge of code.;14:1-14:42;42;Volume 23, Number 2, March 2014;
2014;Lunjin Lu,Dae-Kyoo Kim;Required behavior of sequence diagrams: Semantics and conformance.;15:1-15:28;28;Volume 23, Number 2, March 2014;
2014;Michael Unterkalmsteiner,Robert Feldt,Tony Gorschek;A taxonomy for requirements engineering and software test alignment.;16:1-16:38;38;Volume 23, Number 2, March 2014;
2014;Dharmalingam Ganesan,Mikael Lindvall;ADAM: External dependency-driven architecture discovery and analysis of quality attributes.;17:1-17:51;51;Volume 23, Number 2, March 2014;
2014;Klaas-Jan Stol,Paris Avgeriou,Muhammad Ali Babar,Yan Lucas,Brian Fitzgerald;Key factors for adopting inner source.;18:1-18:35;35;Volume 23, Number 2, March 2014;
2014;Mark Harman,Jens Krinke,Inmaculada Medina-Bulo,Francisco Palomo-Lozano,Jian Ren,Shin Yoo;Exact scalable sensitivity analysis for the next release problem.;19:1-19:31;31;Volume 23, Number 2, March 2014;
2014;Mariano M. Moscato,Carlos Lopez Pombo,Marcelo F. Frias;Dynamite: A tool for the verification of alloy models based on PVS.;20:1-20:37;37;Volume 23, Number 2, March 2014;
2014;Mainul Islam,Christoph Csallner;Generating Test Cases for Programs that Are Coded against Interfaces and Annotations.;21:1-21:38;38;Volume 23, Number 3, May 2014;
2014;Lucas Layman,Victor R. Basili,Marvin V. Zelkowitz;A Methodology for Exposing Risk in Achieving Emergent System Properties.;22:1-22:28;28;Volume 23, Number 3, May 2014;
2014;Guoqing (Harry) Xu,Nick Mitchell,Matthew Arnold,Atanas Rountev,Edith Schonberg,Gary Sevitsky;Scalable Runtime Bloat Detection Using Abstract Dynamic Slicing.;23:1-23:50;50;Volume 23, Number 3, May 2014;
2014;Nicoletta De Francesco,Giuseppe Lettieri,Antonella Santone,Gigliola Vaglini;"GreASE: A Tool for Efficient ""Nonequivalence"" Checking.";24:1-24:26;26;Volume 23, Number 3, May 2014;
2014;Razieh Behjati,Shiva Nejati,Lionel C. Briand;Architecture-Level Configuration of Large-Scale Embedded Software Systems.;25:1-25:43;43;Volume 23, Number 3, May 2014;
2014;Kathryn T. Stolee,Sebastian G. Elbaum,Daniel Dobos;Solving the Search for Source Code.;26:1-26:45;45;Volume 23, Number 3, May 2014;
2014;David S. Rosenblum;Editorial.;27:1;1;Volume 23, Number 4, August 2014;
2014;Gail C. Murphy,Mauro Pezze;Introduction to the Special Issue International Conference on Software Engineering (ICSE 2012).;28:1-28:2;2;Volume 23, Number 4, August 2014;
2014;Anders Moller,Mathias Schwarz;Automated Detection of Client-State Manipulation Vulnerabilities.;29:1-29:30;30;Volume 23, Number 4, August 2014;
2014;ThanhVu H. Nguyen,Deepak Kapur,Westley Weimer,Stephanie Forrest;DIG: A Dynamic Invariant Generator for Polynomial and Array Invariants.;30:1-30:30;30;Volume 23, Number 4, August 2014;
2014;Walid Maalej,Rebecca Tiarks,Tobias Roehm,Rainer Koschke;On the Comprehension of Program Comprehension.;31:1-31:37;37;Volume 23, Number 4, August 2014;
2014;Pingyu Zhang,Sebastian G. Elbaum;Amplifying Tests to Validate Exception Handling Code: An Extended Study in the Mobile Application Domain.;32:1-32:28;28;Volume 23, Number 4, August 2014;
2014;Tracy Hall,Min Zhang 0008,David Bowes,Yi Sun;Some Code Smells Have a Significant but Small Effect on Faults.;33:1-33:39;39;Volume 23, Number 4, August 2014;
2014;Yueqi Li,Shing-Chi Cheung,Xiangyun Zhang,Yepang Liu;Scaling Up Symbolic Analysis by Removing Z-Equivalent States.;34:1-34:32;32;Volume 23, Number 4, August 2014;
2014;Peter C. Rigby,Daniel M. German,Laura Cowen,Margaret-Anne D. Storey;Peer Review on Open-Source Software Projects: Parameters, Statistical Models, and Theory.;35:1-35:33;33;Volume 23, Number 4, August 2014;
2013;David Notkin;Editorial - looking back.;1:1-1:2;2;Volume 22, Number 1, February 2013;
2013;David S. Rosenblum;Editorial - looking forward.;2:1-2:3;3;Volume 22, Number 1, February 2013;
2013;Jun Sun,Yang Liu 0003,Jin Song Dong,Yan Liu 0012,Ling Shi,Etienne Andre;Modeling and verifying hierarchical real-time systems using stateful timed CSP.;3:1-3:29;29;Volume 22, Number 1, February 2013;
2013;Brian Demsky,Patrick Lam 0001;Views: Synthesizing fine-grained concurrency control.;4:1-4:33;33;Volume 22, Number 1, February 2013;
2013;Tao Yue,Lionel C. Briand,Yvan Labiche;Facilitating the transition from use case models to analysis models: Approach and experiments.;5:1-5:38;38;Volume 22, Number 1, February 2013;
2013;Hadi Hemmati,Andrea Arcuri,Lionel C. Briand;Achieving scalable model-based testing through test case diversity.;6:1-6:42;42;Volume 22, Number 1, February 2013;
2013;Martin Monperrus,Mira Mezini;Detecting missing method calls as violations of the majority rule.;7:1-7:25;25;Volume 22, Number 1, February 2013;
2013;Jeff Huang 0001,Jinguo Zhou,Charles Zhang;Scaling predictive analysis of concurrent programs by removing trace redundancy.;8:1-8:21;21;Volume 22, Number 1, February 2013;
2013;Nicolas D'Ippolito,Victor A. Braberman,Nir Piterman,Sebastian Uchitel;Synthesizing nonanomalous event-based controllers for liveness goals.;9:1-9:36;36;Volume 22, Number 1, February 2013;
2013;Wei Zhang 0022,Chong Sun,Junghee Lim,Shan Lu,Thomas W. Reps;ConMem: Detecting Crash-Triggering Concurrency Bugs through an Effect-Oriented Approach.;10:1-10:33;33;Volume 22, Number 2, March 2013;
2013;Marcello La Rosa,Marlon Dumas,Reina Uba,Remco M. Dijkman;Business Process Model Merging: An Approach to Business Process Consolidation.;11:1-11:42;42;Volume 22, Number 2, March 2013;
2013;Zibin Zheng,Michael R. Lyu;Personalized Reliability Prediction of Web Services.;12:1-12:25;25;Volume 22, Number 2, March 2013;
2013;Neil Walkinshaw,Kirill Bogdanov;Automated Comparison of State-Based Software Models in Terms of Their Language and Structure.;13:1-13:37;37;Volume 22, Number 2, March 2013;
2013;Scott D. Fleming,Christopher Scaffidi,David Piorkowski,Margaret M. Burnett,Rachel K. E. Bellamy,Joseph Lawrance,Irwin Kwan;An Information Foraging Theory Perspective on Tools for Debugging, Refactoring, and Reuse Tasks.;14:1-14:41;41;Volume 22, Number 2, March 2013;
2013;Sagar Chaki,Christian Schallhart,Helmut Veith;Verification across Intellectual Property Boundaries.;15:1-15:12;12;Volume 22, Number 2, March 2013;
2013;David S. Rosenblum;In memoriam: David Notkin (1955-2013).;16:1-16:2;2;Volume 22, Number 3, July 2013;
2013;Guoqing (Harry) Xu,Atanas Rountev;Precise memory leak detection for java software using container profiling.;17:1-17:28;28;Volume 22, Number 3, July 2013;
2013;Wei Le,Mary Lou Soffa;Marple: Detecting faults in path segments using automatically generated analyses.;18:1-18:38;38;Volume 22, Number 3, July 2013;
2013;Shin Yoo,Mark Harman,David Clark;Fault localization prioritization: Comparing information-theoretic and coverage-based approaches.;19:1-19:29;29;Volume 22, Number 3, July 2013;
2013;Matteo Pradella,Angelo Morzenti,Pierluigi San Pietro;Bounded satisfiability checking of metric temporal logic specifications.;20:1-20:54;54;Volume 22, Number 3, July 2013;
2013;Davide Falessi,Lionel C. Briand,Giovanni Cantone,Rafael Capilla,Philippe Kruchten;The value of design rationale information.;21:1-21:32;32;Volume 22, Number 3, July 2013;
2013;Kevin J. Hoffman,Patrick Th. Eugster;Trading obliviousness for modularity with cooperative aspect-oriented programming.;22:1-22:46;46;Volume 22, Number 3, July 2013;
2013;Hong Zhu,Ian Bayley;An algebra of design patterns.;23:1-23:35;35;Volume 22, Number 3, July 2013;
2013;Mira Balaban,Azzam Maraee;Finite satisfiability of UML class diagrams with constrained class hierarchy.;24:1-24:42;42;Volume 22, Number 3, July 2013;
2013;Guido de Caso,Victor A. Braberman,Diego Garbervetsky,Sebastian Uchitel;Enabledness-based program abstractions for behavior validation.;25:1-25:46;46;Volume 22, Number 3, July 2013;
2013;Beatriz Marin,Giovanni Giachetti,Oscar Pastor,Tanja E. J. Vos,Alain Abran;Using a functional size measurement procedure to evaluate the quality of models in MDD environments.;26:1-26:31;31;Volume 22, Number 3, July 2013;
2013;Daniel Sinnig,Patrice Chalin,Ferhat Khendek;Use case and task models: An integrated development methodology and its formal foundation.;27:1-27:31;31;Volume 22, Number 3, July 2013;
2013;Giovanni Denaro,Mauro Pezze,Davide Tosi;Test-and-adapt: An approach for improving service interchangeability.;28:1-28:43;43;Volume 22, Number 4, October 2013;
2013;Lorenzo Martignoni,Roberto Paleari,Alessandro Reina,Giampaolo Fresi Roglia,Danilo Bruschi;A methodology for testing CPU emulators.;29:1-29:26;26;Volume 22, Number 4, October 2013;
2013;Herve Chang,Leonardo Mariani,Mauro Pezze;Exception handlers for healing component-based systems.;30:1-30:40;40;Volume 22, Number 4, October 2013;
2013;Xiaoyuan Xie,Tsong Yueh Chen,Fei-Ching Kuo,Baowen Xu;A theoretical analysis of the risk evaluation formulas for spectrum-based fault localization.;31:1-31:40;40;Volume 22, Number 4, October 2013;
2013;Dawei Qi,Hoang D. T. Nguyen,Abhik Roychoudhury;Path exploration based on symbolic output.;32:1-32:41;41;Volume 22, Number 4, October 2013;
2013;Takaaki Tateishi,Marco Pistoia,Omer Tripp;Path- and index-sensitive string analysis based on monadic second-order logic.;33:1-33:33;33;Volume 22, Number 4, October 2013;
2013;Jerome Vouillon,Roberto Di Cosmo;On software component co-installability.;34:1-34:35;35;Volume 22, Number 4, October 2013;
2013;Leandro L. Minku,Xin Yao;Software effort estimation as a multiobjective learning problem.;35:1-35:32;32;Volume 22, Number 4, October 2013;
2013;David Lizcano,Fernando Alonso,Javier Soriano,Genoveva Lopez Gomez;A web-centred approach to end-user software engineering.;36:1-36:29;29;Volume 22, Number 4, October 2013;
2013;Collin McMillan,Denys Poshyvanyk,Mark Grechanik,Qing Xie,Chen Fu;Portfolio: Searching for relevant functions and their usages in millions of lines of code.;37:1-37:30;30;Volume 22, Number 4, October 2013;
2013;Michael Wursch,Emanuel Giger,Harald C. Gall;Evaluating a query framework for software evolution data.;38:1-38:38;38;Volume 22, Number 4, October 2013;
2011;Ali Ebnenasir,Sandeep S. Kulkarni;Feasibility of Stepwise Design of Multitolerant Programs.;1:1-1:49;49;Volume 21, Number 1, December 2011;
2011;Matthew Arnold,Martin T. Vechev,Eran Yahav;QVM: An Efficient Runtime for Detecting Defects in Deployed Systems.;2:1-2:35;35;Volume 21, Number 1, December 2011;
2011;Eli Tilevich,Sriram Gopal;Expressive and Extensible Parameter Passing for Distributed Object Systems.;3:1-3:26;26;Volume 21, Number 1, December 2011;
2011;Susan Elliott Sim,Medha Umarji,Sukanya Ratanotayanon,Cristina V. Lopes;How Well Do Search Engines Support Code Retrieval on the Web?;4:1-4:25;25;Volume 21, Number 1, December 2011;
2011;Madeline Diep,Matthew B. Dwyer,Sebastian G. Elbaum;Lattice-Based Sampling for Path Property Monitoring.;5:1-5:43;43;Volume 21, Number 1, December 2011;
2011;Martin Erwig,Eric Walkingshaw;The Choice Calculus: A Representation for Software Variation.;6:1-6:27;27;Volume 21, Number 1, December 2011;
2012;David Notkin;Editorial.;7:1-7:2;2;Volume 21, Number 2, March 2012;
2012;Jehad Al-Dallal,Lionel C. Briand;A Precise Method-Method Interaction-Based Cohesion Metric for Object-Oriented Classes.;8:1-8:34;34;Volume 21, Number 2, March 2012;
2012;Dario Fischbein,Nicolas D'Ippolito,Greg Brunet,Marsha Chechik,Sebastian Uchitel;Weak Alphabet Merging of Partial Behavior Models.;9:1-9:47;47;Volume 21, Number 2, March 2012;
2012;Anders Mattsson,Brian Fitzgerald,Bjorn Lundell,Brian Lings;An Approach for Modeling Architectural Design Rules in UML and its Application to Embedded Software.;10:1-10:29;29;Volume 21, Number 2, March 2012;
2012;Devdatta Kulkarni,Tanvir Ahmed 0002,Anand Tripathi;A Generative Programming Framework for Context-Aware CSCW Applications.;11:1-11:35;35;Volume 21, Number 2, March 2012;
2012;Abhik Roychoudhury,Ankit Goel,Bikram Sengupta;Symbolic Message Sequence Charts.;12:1-12:44;44;Volume 21, Number 2, March 2012;
2012;Anna Queralt,Ernest Teniente;Verification and Validation of UML Conceptual Schemas with OCL Constraints.;13:1-13:41;41;Volume 21, Number 2, March 2012;
2012;Christian Kastner,Sven Apel,Thomas Thum,Gunter Saake;Type checking annotation-based product lines.;14:1-14:39;39;Volume 21, Number 3, June 2012;
2012;Macneil Shonle,William G. Griswold,Sorin Lerner;A framework for the checking and refactoring of crosscutting concepts.;15:1-15:47;47;Volume 21, Number 3, June 2012;
2012;Alessandro Fantechi,Stefania Gnesi,Alessandro Lapadula,Franco Mazzanti,Rosario Pugliese,Francesco Tiezzi;A logical verification methodology for service-oriented computing.;16:1-16:46;46;Volume 21, Number 3, June 2012;
2012;Jaymie Strecker,Atif M. Memon;Accounting for defect characteristics in evaluations of testing techniques.;17:1-17:43;43;Volume 21, Number 3, June 2012;
2012;Paul Jennings,Arka P. Ghosh,Samik Basu;A two-phase approximation for model checking probabilistic unbounded until properties of probabilistic systems.;18:1-18:35;35;Volume 21, Number 3, June 2012;
2012;Dawei Qi,Abhik Roychoudhury,Zhenkai Liang,Kapil Vaswani;DARWIN: An approach to debugging evolving programs.;19:1-19:29;29;Volume 21, Number 3, June 2012;
2012;Reid Holmes,Robert J. Walker;Systematizing pragmatic software reuse.;20:1-20:44;44;Volume 21, Number 4, November 2012;
2012;Yuanfang Cai,Kevin J. Sullivan;A formal model for automated software modularity and evolvability analysis.;21:1-21:29;29;Volume 21, Number 4, November 2012;
2012;Alessandro Cimatti,Marco Roveri,Angelo Susi,Stefano Tonetta;Validation of requirements for hybrid systems: A formal approach.;22:1-22:34;34;Volume 21, Number 4, November 2012;
2012;Denys Poshyvanyk,Malcom Gethers,Andrian Marcus;Concept location using formal concept analysis and information retrieval.;23:1-23:34;34;Volume 21, Number 4, November 2012;
2012;Andrew Meneely,Ben H. Smith,Laurie A. Williams;Validating software metrics: A spectrum of philosophies.;24:1-24:28;28;Volume 21, Number 4, November 2012;
2012;Adam Kiezun,Vijay Ganesh,Shay Artzi,Philip J. Guo,Pieter Hooimeijer,Michael D. Ernst;HAMPI: A solver for word equations over strings, regular expressions, and context-free grammars.;25:1-25:28;28;Volume 21, Number 4, November 2012;
2010;Friedrich Steimann,Thomas Pawlitzki,Sven Apel,Christian Kastner;Types and modularity for implicit invocation with implicit announcement.;1:1-1:43;43;Volume 20, Number 1, June 2010;
2010;Kieran Conboy,Brian Fitzgerald;Method and developer characteristics for effective agile method tailoring: A study of XP expert opinion.;2:1-2:30;30;Volume 20, Number 1, June 2010;
2010;Ekwa Duala-Ekoko,Martin P. Robillard;Clone region descriptors: Representing and tracking duplication in source code.;3:1-3:31;31;Volume 20, Number 1, June 2010;
2010;Andy Ko,Brad A. Myers;Extracting and answering why and why not questions about Java program output.;4:1-4:36;36;Volume 20, Number 2, August 2010;
2010;Kevin J. Sullivan,William G. Griswold,Hridesh Rajan,Yuanyuan Song,Yuanfang Cai,Macneil Shonle,Nishit Tewari;Modular aspect-oriented design with XPIs.;5:1-5:42;42;Volume 20, Number 2, August 2010;
2010;Param Vir Singh;The small-world effect: The influence of macro-level properties of developer collaboration networks on open-source project success.;6:1-6:27;27;Volume 20, Number 2, August 2010;
2010;Robert Dyer 0001,Hridesh Rajan;Supporting dynamic aspect-oriented features.;7:1-7:34;34;Volume 20, Number 2, August 2010;
2011;Simon Miles,Paul T. Groth,Steve Munroe,Luc Moreau;PrIMe: A methodology for developing provenance-aware applications.;8:1-8:42;42;Volume 20, Number 3, August 2011;
2011;Jinjun Chen,Yun Yang;Temporal dependency-based checkpoint selection for dynamic verification of temporal constraints in scientific workflow systems.;9:1-9:23;23;Volume 20, Number 3, August 2011;
2011;John Anvik,Gail C. Murphy;Reducing the effort of bug report triage: Recommenders for development-oriented decisions.;10:1-10:35;35;Volume 20, Number 3, August 2011;
2011;Lee Naish,Hua Jie Lee,Rao Kotagiri;A model for spectra-based software diagnosis.;11:1-11:32;32;Volume 20, Number 3, August 2011;
2011;David M. Binkley,Mark Harman,Kiran Lakhotia;FlagRemover: A testability transformation for transforming loop-assigned flags.;12:1-12:33;33;Volume 20, Number 3, August 2011;
2011;Zhenyu Chen,Tsong Yueh Chen,Baowen Xu;A revisit of fault class hierarchies in general boolean specifications.;13:1-13:11;11;Volume 20, Number 3, August 2011;
2011;Andreas Klaus Bauer,Martin Leucker,Christian Schallhart;Runtime Verification for LTL and TLTL.;14:1-14:64;64;Volume 20, Number 4, September 2011;
2011;Changhai Nie,Hareton Leung;The Minimal Failure-Causing Schema of Combinatorial Testing.;15:1-15:38;38;Volume 20, Number 4, September 2011;
2011;Robin A. Gandhi,Seok Won Lee;Discovering Multidimensional Correlations among Regulatory Requirements to Understand Risk.;16:1-16:37;37;Volume 20, Number 4, September 2011;
2011;Josh Dehlinger,Robyn R. Lutz;Gaia-PL: A Product Line Engineering Approach for Efficiently Designing Multiagent Systems.;17:1-17:27;27;Volume 20, Number 4, September 2011;
2011;Shahar Maoz,David Harel,Asaf Kleinbort;A Compiler for Multimodal Scenarios: Transforming LSCs into AspectJ.;18:1-18:41;41;Volume 20, Number 4, September 2011;
2011;Barthelemy Dagenais,Martin P. Robillard;Recommending Adaptive Changes for Framework Evolution.;19:1-19:35;35;Volume 20, Number 4, September 2011;
2009;Eli Tilevich,Yannis Smaragdakis;J-Orchestra: Enhancing Java programs with distribution capabilities.;1:1-1:40;40;Volume 19, Number 1, August 2009;
2009;Chun Ouyang,Marlon Dumas,Wil M. P. van der Aalst,Arthur H. M. ter Hofstede,Jan Mendling;From business process models to process-oriented software systems.;2:1-2:37;37;Volume 19, Number 1, August 2009;
2009;Hridesh Rajan,Kevin J. Sullivan;Unifying aspect- and object-oriented design.;3:1-3:41;41;Volume 19, Number 1, August 2009;
2009;Hee Beng Kuan Tan,Yuan Zhao,Hongyu Zhang;Conceptual data model-based software size estimation for information systems.;4:1-4:37;37;Volume 19, Number 2, October 2009;
2009;Wes Masri,Andy Podgurski;Measuring the strength of information flows in programs.;5:1-5:33;33;Volume 19, Number 2, October 2009;
2009;Nirmit Desai,Amit K. Chopra,Munindar P. Singh;Amoeba: A methodology for modeling and evolving cross-organizational business processes.;6:1-6:45;45;Volume 19, Number 2, October 2009;
2010;David Notkin;Editorial.;7:1-7:2;2;Volume 19, Number 3, January 2010;
2010;Jonathan P. Whittle,Praveen K. Jayaraman;Synthesizing hierarchical state machines from expressive scenario descriptions.;8:1-8:45;45;Volume 19, Number 3, January 2010;
2010;Chang Xu,Shing-Chi Cheung,Wing Kwong Chan,Chunyang Ye;Partial constraint checking for context consistency in pervasive computing.;9:1-9:61;61;Volume 19, Number 3, January 2010;
2010;Antonio Brogi,Razvan Popescu,Matteo Tanca;Design and implementation of Sator: A web service aggregator.;10:1-10:21;21;Volume 19, Number 3, January 2010;
2010;Julien Ponge,Boualem Benatallah,Fabio Casati,Farouk Toumani;Analysis and applications of timed service protocols.;11:1-11:38;38;Volume 19, Number 4, April 2010;
2010;Jamie Payton,Christine Julien,Gruia-Catalin Roman,Vasanth Rajamani;Semantic self-assessment of query results in dynamic environments.;12:1-12:33;33;Volume 19, Number 4, April 2010;
2010;Chunqing Chen,Jin Song Dong,Jun Sun,Andrew P. Martin;A verification system for interval-based specification languages.;13:1-13:36;36;Volume 19, Number 4, April 2010;
2008;Marcel R. Karam,Trevor J. Smedley,Sergiu M. Dascalu;Unit-level test adequacy criteria for visual dataflow languages and a testing methodology.;1:1-1:40;40;Volume 18, Number 1, September 2008;
2008;Panos Louridas,Diomidis Spinellis,Vasileios Vlachos;Power laws in software.;2:1-2:26;26;Volume 18, Number 1, September 2008;
2008;Ondrej Lhotak,Laurie J. Hendren;Evaluating the benefits of context-sensitive points-to analysis using a BDD-based implementation.;3:1-3:53;53;Volume 18, Number 1, September 2008;
2008;Atif M. Memon;Automatically repairing event sequence-based GUI test suites for regression testing.;4:1-4:36;36;Volume 18, Number 2, November 2008;
2008;Travis D. Breaux,Annie I. Anton,Jon Doyle;Semantic parameterization: A process for modeling domain descriptions.;5:1-5:27;27;Volume 18, Number 2, November 2008;
2008;Shan Shan Huang,David Zook,Yannis Smaragdakis;Domain-specific languages and program generation with meta-AspectJ.;6:1-6:32;32;Volume 18, Number 2, November 2008;
2008;Qing Xie,Atif M. Memon;Using a pilot study to derive a GUI model for automated testing.;7:1-7:35;35;Volume 18, Number 2, November 2008;
2009;David Notkin;Editorial.;8:1-8:2;2;Volume 18, Number 3, May 2009;
2009;Lujo Bauer,Jay Ligatti,David Walker;Composing expressive runtime security policies.;9:1-9:43;43;Volume 18, Number 3, May 2009;
2009;Tracy Hall,Nathan Baddoo,Sarah Beecham,Hugh Robinson,Helen C. Sharp;A systematic review of theory use in studies investigating the motivations of software engineers.;10:1-10:29;29;Volume 18, Number 3, May 2009;
2009;Phil McMinn,David M. Binkley,Mark Harman;Empirical evaluation of a nesting testability transformation for evolutionary testing.;11:1-11:27;27;Volume 18, Number 3, May 2009;
2009;Dick Hamlet;Tools and experiments supporting a testing-based theory of component composition.;12:1-12:41;41;Volume 18, Number 3, May 2009;
2009;Ankit Goel,Abhik Roychoudhury,P. S. Thiagarajan;Interacting process classes.;13:1-13:47;47;Volume 18, Number 4, July 2009;
2009;Robert M. Hierons;Verdict functions in testing with a fault domain or test hypotheses.;14:1-14:19;19;Volume 18, Number 4, July 2009;
2009;Marco Mamei,Franco Zambonelli;Programming pervasive and mobile computing applications: The TOTA approach.;15:1-15:56;56;Volume 18, Number 4, July 2009;
2007;David Notkin;Editorial.;1:1-1:2;2;Volume 17, Number 1, December 2007;
2007;Timothy M. Meyers,David M. Binkley;An empirical study of slice-based cohesion and coupling metrics.;2:1-2:27;27;Volume 17, Number 1, December 2007;
2007;Marius Marin,Arie van Deursen,Leon Moonen;Identifying Crosscutting Concerns Using Fan-In Analysis.;3:1-3:37;37;Volume 17, Number 1, December 2007;
2007;Marcelo F. Frias,Carlos Lopez Pombo,Juan P. Galeotti,Nazareno Aguirre;Efficient Analysis of DynAlloy Specifications.;4:1-4:34;34;Volume 17, Number 1, December 2007;
2008;David Notkin;Editorial.;5:1;1;Volume 17, Number 2, April 2008;
2008;David Notkin,Mauro Pezze;Introduction to the special section from the ACM international symposium on software testing and analysis (ISSTA 2006).;6:1-6:2;2;Volume 17, Number 2, April 2008;
2008;Jamieson M. Cobleigh,George S. Avrunin,Lori A. Clarke;Breaking up is hard to do: An evaluation of automated assume-guarantee reasoning.;7:1-7:52;52;Volume 17, Number 2, April 2008;
2008;Christoph Csallner,Yannis Smaragdakis,Tao Xie;DSD-Crasher: A hybrid analysis tool for bug finding.;8:1-8:37;37;Volume 17, Number 2, April 2008;
2008;Stephen J. Fink,Eran Yahav,Nurit Dor,Ganesan Ramalingam,Emmanuel Geay;Effective typestate verification in the presence of aliasing.;9:1-9:34;34;Volume 17, Number 2, April 2008;
2008;Stephen F. Siegel,Anastasia Mironova,George S. Avrunin,Lori A. Clarke;Combining symbolic execution with model checking to verify parallel numerical programs.;10:1-10:34;34;Volume 17, Number 2, April 2008;
2008;Amrit Tiwana;Impact of classes of development coordination tools on software development performance: A multinational empirical study.;11:1-11:47;47;Volume 17, Number 2, April 2008;
2008;David Notkin;Editorial.;12:1-12:2;2;Volume 17, Number 3, June 2008;
2008;Parastoo Mohagheghi,Reidar Conradi;An empirical investigation of software reuse benefits in a large telecom product.;13:1-13:31;31;Volume 17, Number 3, June 2008;
2008;Johannes Henkel,Christoph Reichenbach,Amer Diwan;Developing and debugging algebraic specifications for Java classes.;14:1-14:37;37;Volume 17, Number 3, June 2008;
2008;Cigdem Gencel,Onur Demirors;Functional size measurement revisited.;15:1-15:36;36;Volume 17, Number 3, June 2008;
2008;Tsong Yueh Chen,Robert G. Merkel;An upper bound on software testing effectiveness.;16:1-16:27;27;Volume 17, Number 3, June 2008;
2007;Pankaj Jalote,Brendan Murphy,Vibhu Saujanya Sharma;Post-release reliability growth in software products.;17:1-17:20;20;Volume 17, Number 4, August 2007;
2007;Martin P. Robillard;Topology analysis of software dependencies.;18:1-18:36;36;Volume 17, Number 4, August 2007;
2007;Wolfgang Emmerich,Mikio Aoyama,Joseph S. Sventek;The impact of research on the development of middleware technology.;19:1-19:48;48;Volume 17, Number 4, August 2007;
2007;Tanja M. Gruschke,Magne Jorgensen;The role of outcome feedback in improving the uncertainty assessment of software development effort estimates.;20:1-20:35;35;Volume 17, Number 4, August 2007;
2007;David Notkin;Editorial.;1;1;Volume 16, Number 1, February 2007;
2007;Carlo Ghezzi;Editorial.;2;1;Volume 16, Number 1, February 2007;
2007;Martin P. Robillard,Gail C. Murphy;Representing concerns in source code.;3;1;Volume 16, Number 1, February 2007;
2007;Qing Xie,Atif M. Memon;Designing and comparing automated test oracles for GUI-based software applications.;4;1;Volume 16, Number 1, February 2007;
2007;Manfred Broy,Ingolf H. Kruger,Michael Meisinger;A formal model of services.;5;1;Volume 16, Number 1, February 2007;
2007;David Notkin;Editorial.;6;1;Volume 16, Number 2, April 2007;
2007;Shriram Krishnamurthi,Kathi Fisler;Foundations of incremental aspect model-checking.;7;1;Volume 16, Number 2, April 2007;
2007;David M. Binkley,Nicolas E. Gold,Mark Harman;An empirical study of static program slice size.;8;1;Volume 16, Number 2, April 2007;
2007;Abdoulaye Gamatie,Thierry Gautier,Paul Le Guernic,Jean-Pierre Talpin;Polychronous design of embedded real-time applications.;9;1;Volume 16, Number 2, April 2007;
2007;Kalpesh Kapoor,Jonathan P. Bowen;Test conditions for fault classes in Boolean specifications.;10;1;Volume 16, Number 3, July 2007;
2007;Richard F. Paige,Phillip J. Brooke,Jonathan S. Ostroff;Metamodel-based model conformance and multiview consistency checking.;11;1;Volume 16, Number 3, July 2007;
2007;Samik Basu,Scott A. Smolka;Model checking the Java metalocking algorithm.;12;1;Volume 16, Number 3, July 2007;
2007;Andrea De Lucia,Fausto Fasano,Rocco Oliveto,Genoveffa Tortora;Recovering traceability links in software artifact management systems using information retrieval methods.;13;1;Volume 16, Number 4, September 2007;
2007;Gary Wassermann,Carl Gould,Zhendong Su,Premkumar T. Devanbu;Static checking of dynamically generated queries in database applications.;14;1;Volume 16, Number 4, September 2007;
2007;Luciano Baresi,Sandro Morasca;Three empirical studies on estimating the design effort of Web applications.;15;1;Volume 16, Number 4, September 2007;
2006;Rik Eshuis;Symbolic model checking of UML activity diagrams.;1-38;38;Volume 15, Number 1, January 2006;
2006;David A. Basin,Jurgen Doser,Torsten Lodderstedt;Model driven security: From UML models to access control infrastructures.;39-91;53;Volume 15, Number 1, January 2006;
2006;Colin F. Snook,Michael J. Butler;UML-B: Formal modeling and design aided by UML.;92-122;31;Volume 15, Number 1, January 2006;
2006;Steve Counsell,Stephen Swift,Jason Crampton;The interpretation and utility of three cohesion metrics for object-oriented design.;123-149;27;Volume 15, Number 2, April 2006;
2006;Marc Fisher II,Gregg Rothermel,Darren Brown,Mingming Cao,Curtis R. Cook,Margaret M. Burnett;Integrating automated test generation into the WYSIWYT spreadsheet testing methodology.;150-194;45;Volume 15, Number 2, April 2006;
2006;Wei Zhao 0006,Lu Zhang,Yin Liu,Jiasu Sun,Fuqing Yang;SNIAFL: Towards a static noninteractive approach to feature location.;195-226;32;Volume 15, Number 2, April 2006;
2006;Robert M. Hierons;Avoiding coincidental correctness in boundary value analysis.;227-241;15;Volume 15, Number 3, July 2006;
2006;Avik Sinha,Carol S. Smidts;HOTTest: A model-based test design technique for enhanced testing of domain-specific applications.;242-278;37;Volume 15, Number 3, July 2006;
2006;Amy L. Murphy,Gian Pietro Picco,Gruia-Catalin Roman;LIME: A coordination model and middleware supporting mobility of hosts and agents.;279-328;50;Volume 15, Number 3, July 2006;
2006;Philippe Thiran,Jean-Luc Hainaut,Geert-Jan Houben,Djamal Benslimane;Wrapper-based evolution of legacy information systems.;329-359;31;Volume 15, Number 4, October 2006;
2006;Marco Brambilla 0001,Stefano Ceri,Piero Fraternali,Ioana Manolescu;Process modeling in Web applications.;360-409;50;Volume 15, Number 4, October 2006;
2006;Gregor Snelting,Torsten Robschink,Jens Krinke;Efficient path conditions in dependence graphs for software safety analysis.;410-457;48;Volume 15, Number 4, October 2006;
2005;Ana Milanova,Atanas Rountev,Barbara G. Ryder;Parameterized object sensitivity for points-to analysis for Java.;1-41;41;Volume 14, Number 1, January 2005;
2005;Luciano Baresi,Mauro Pezze;Formal interpreters for diagram notations.;42-84;43;Volume 14, Number 1, January 2005;
2005;Ian Sommerville,Jane Ransom;An empirical study of industrial requirements engineering process assessment and improvement.;85-117;33;Volume 14, Number 1, January 2005;
2005;Carlo Ghezzi;Editorial.;119-123;5;Volume 14, Number 2, April 2005;
2005;Jean Berstel,Stefano Crespi-Reghizzi,Gilles Roussel,Pierluigi San Pietro;A scalable formal method for design and automatic checking of user interfaces.;124-167;44;Volume 14, Number 2, April 2005;
2005;Martin Erwig,Zhe Fu;Software reuse for scientific computing through program generation.;168-198;31;Volume 14, Number 2, April 2005;
2005;Eric M. Dashofy,Andre van der Hoek,Richard N. Taylor;A comprehensive approach for the development of modular software architecture description languages.;199-245;47;Volume 14, Number 2, April 2005;
2005;Man Fai Lau,Yuen-Tak Yu;An extended fault class hierarchy for specification-based testing.;247-276;30;Volume 14, Number 3, July 2005;
2005;Vincenzo Gervasi,Didar Zowghi;Reasoning about inconsistencies in natural language requirements.;277-330;54;Volume 14, Number 3, July 2005;
2005;Paul Klint,Ralf Lammel,Chris Verhoef;Toward an engineering discipline for grammarware.;331-380;50;Volume 14, Number 3, July 2005;
2005;Leon J. Osterweil,Carlo Ghezzi,Jeffrey Kramer,Alexander L. Wolf;Editorial.;381-382;2;Volume 14, Number 4, October 2005;
2005;Jacky Estublier,David B. Leblang,Andre van der Hoek,Reidar Conradi,Geoffrey Clemm,Walter F. Tichy,Darcy Wiborg Weber;Impact of software engineering research on the practice of software configuration management.;383-430;48;Volume 14, Number 4, October 2005;
2005;Barbara G. Ryder,Mary Lou Soffa,Margaret M. Burnett;The impact of software engineering research on modern programming languages.;431-477;47;Volume 14, Number 4, October 2005;
2005;Marcelo F. Frias,Carlos Lopez Pombo,Gabriel Baum,Nazareno Aguirre,Thomas Stephen Edward Maibaum;Reasoning about static and dynamic properties in alloy: A purely relational approach.;478-526;49;Volume 14, Number 4, October 2005;
2004;Pamela Zave;Address translation in telecommunication features.;1-36;36;Volume 13, Number 1, January 2004;
2004;Sebastian Uchitel,Jeffrey Kramer,Jeffrey N. Magee;Incremental elaboration of scenario-based specifications and behavior models using implied scenarios.;37-85;49;Volume 13, Number 1, January 2004;
2004;Nalini Venkatasubramanian,Carolyn L. Talcott,Gul A. Agha;A formal model for reasoning about adaptive QoS-enabled middleware.;86-147;62;Volume 13, Number 1, January 2004;
2004;Tankut Akgul,Vincent John Mooney III;Assembly instruction level reverse execution for debugging.;149-198;50;Volume 13, Number 2, April 2004;
2004;Alessandro Orso,Saurabh Sinha,Mary Jean Harrold;Classifying data dependences in the presence of pointers for program comprehension, testing, and debugging.;199-239;41;Volume 13, Number 2, April 2004;
2004;Roshanak Roshandel,Andre van der Hoek,Marija Mikic-Rakic,Nenad Medvidovic;Mae - a system model and environment for managing architectural evolution.;240-276;37;Volume 13, Number 2, April 2004;
2004;Gregg Rothermel,Sebastian G. Elbaum,Alexey G. Malishevsky,Praveen Kallakuri,Xuemei Qiu;On test suite composition and cost-effective regression testing.;277-331;55;Volume 13, Number 3, July 2004;
2004;Stefan Kramer 0001,Hermann Kaindl;Coupling and cohesion metrics for knowledge-based systems using frames and rules.;332-358;27;Volume 13, Number 3, July 2004;
2004;Matthew B. Dwyer,Lori A. Clarke,Jamieson M. Cobleigh,Gleb Naumovich;Flow analysis for verifying properties of concurrent software systems.;359-430;72;Volume 13, Number 4, October 2004;
2004;Gennaro Costagliola,Vincenzo Deufemia,Giuseppe Polese;A framework for modeling and implementing visual notations with applications to software engineering.;431-487;57;Volume 13, Number 4, October 2004;
2003;Carlo Ghezzi,Jeffrey N. Magee,H. Dieter Rombach,Mary Lou Soffa;Editorial.;1-2;2;Volume 12, Number 1, January 2003;
2003;Amy P. Felty,Kedar S. Namjoshi;Feature specification and automated conflict detection.;3-27;25;Volume 12, Number 1, January 2003;
2003;Christian Nentwich,Wolfgang Emmerich,Anthony Finkelstein,Ernst Ellmer;Flexible consistency checking.;28-63;36;Volume 12, Number 1, January 2003;
2003;Antonia Lopes,Michel Wermelinger,Jose Luiz Fiadeiro;High-order architectural connectors.;64-104;41;Volume 12, Number 1, January 2003;
2003;;Reviewers 2002.;105;1;Volume 12, Number 1, January 2003;
2003;Alberto Coen-Porisini,Matteo Pradella,Matteo Rossi,Dino Mandrioli;A formal approach for designing CORBA-based applications.;107-151;45;Volume 12, Number 2, April 2003;
2003;Mark van den Brand,Paul Klint,Jurgen J. Vinju;Term rewriting with traversal functions.;152-190;39;Volume 12, Number 2, April 2003;
2003;Martin P. Robillard,Gail C. Murphy;Static analysis to support the evolution of exception structure in object-oriented systems.;191-221;31;Volume 12, Number 2, April 2003;
2003;Luca Durante,Riccardo Sisto,Adriano Valenzano;Automatic testing equivalence verification of spi calculus specifications.;222-284;63;Volume 12, Number 2, April 2003;
2003;Yossi Cohen,Yishai A. Feldman;Automatic high-quality reengineering of database programs by abstraction, transformation and reimplementation.;285-316;32;Volume 12, Number 3, July 2003;
2003;Franco Zambonelli,Nick R. Jennings,Michael Wooldridge;Developing multiagent systems: The Gaia methodology.;317-370;54;Volume 12, Number 3, July 2003;
2003;Marsha Chechik,Benet Devereux,Steve M. Easterbrook,Arie Gurfinkel;Multi-valued symbolic model-checking.;371-408;38;Volume 12, Number 4, October 2003;
2003;Tim Miller,Paul A. Strooper;A framework and tool support for the systematic testing of model-based specifications.;409-439;31;Volume 12, Number 4, October 2003;
2003;GianLuigi Ferrari,Stefania Gnesi,Ugo Montanari,Marco Pistore;A model-checking verification environment for mobile processes.;440-473;34;Volume 12, Number 4, October 2003;
2002;Nenad Medvidovic,David S. Rosenblum,David F. Redmiles,Jason E. Robbins;Modeling software architectures in the Unified Modeling Language.;2-57;56;Volume 11, Number 1, January 2002;
2002;Tatsuhiro Tsuchiya,Tohru Kikuno;On fault classes and error detection capability of specification-based testing.;58-62;5;Volume 11, Number 1, January 2002;
2002;Idit Keidar,Roger I. Khazan,Nancy A. Lynch,Alexander A. Shvartsman;An inheritance-based technique for building simulation proofs incrementally.;63-91;29;Volume 11, Number 1, January 2002;
2002;Michael Schrefl,Markus Stumptner;Behavior-consistent specialization of object life cycles.;92-148;57;Volume 11, Number 1, January 2002;
2002;Miguel Felder,Mauro Pezze;A formal design notation for real-time systems.;149-190;42;Volume 11, Number 2, April 2002;
2002;Don S. Batory,Clay Johnson,Bob MacDonald,Dale von Heeder;Achieving extensibility through product-lines and domain-specific languages: a case study.;191-214;24;Volume 11, Number 2, April 2002;
2002;Yannis Smaragdakis,Don S. Batory;Mixin layers: an object-oriented implementation technique for refinements and collaboration-based designs.;215-255;41;Volume 11, Number 2, April 2002;
2002;Daniel B. Jackson;Alloy: a lightweight object modelling notation.;256-290;35;Volume 11, Number 2, April 2002;
2002;Alexander P. Pons;Temporal abstract classes and virtual temporal specifications for real-time systems.;291-308;18;Volume 11, Number 3, July 2002;
2002;Audris Mockus,Roy Thomas Fielding,James D. Herbsleb;Two case studies of open source software development: Apache and Mozilla.;309-346;38;Volume 11, Number 3, July 2002;
2002;Donglin Liang,Mary Jean Harrold;Equivalence analysis and its application in improving the efficiency of program slicing.;347-383;37;Volume 11, Number 3, July 2002;
2002;;Obituary.;385;1;Volume 11, Number 4, October 2002;
2002;Marco Bernardo,Paolo Ciancarini,Lorenzo Donatiello;Architecting families of software systems with process algebras.;386-426;41;Volume 11, Number 4, October 2002;
2002;Robert M. Hierons;Comparing test sets and criteria in the presence of test hypotheses and fault domains.;427-448;22;Volume 11, Number 4, October 2002;
2002;Alexander Egyed;Automated abstraction of class diagrams.;449-491;43;Volume 11, Number 4, October 2002;
2001;Frank Tip,T. B. Dinesh;A slicing-based approach for locating type errors.;5-55;51;Volume 10, Number 1, January 2001;
2001;Huo Yan Chen,T. H. Tse,Tsong Yueh Chen;TACCLE: a methodology for object-oriented software testing at the class and cluster levels.;56-109;54;Volume 10, Number 1, January 2001;
2001;Gregg Rothermel,Margaret M. Burnett,Lixin Li,Christopher DuPuis,Andrei Sheretov;A methodology for testing spreadsheets.;110-147;38;Volume 10, Number 1, January 2001;
2001;John Bible,Gregg Rothermel,David S. Rosenblum;A comparative study of coarse- and fine-grained safe regression test-selection techniques.;149-183;35;Volume 10, Number 2, April 2001;
2001;Todd L. Graves,Mary Jean Harrold,Jung-Min Kim,Adam A. Porter,Gregg Rothermel;An empirical study of regression test selection techiques.;184-208;25;Volume 10, Number 2, April 2001;
2001;Saurabh Sinha,Mary Jean Harrold,Gregg Rothermel;Interprocedural control dependence.;209-254;46;Volume 10, Number 2, April 2001;
2001;Angelo Gargantini,Angelo Morzenti;Automated deductive requirements analysis of critical systems.;255-307;53;Volume 10, Number 3, July 2001;
2001;Dewayne E. Perry,Harvey P. Siy,Lawrence G. Votta;Parallel changes in large-scale software development: an observational case study.;308-337;30;Volume 10, Number 3, July 2001;
2001;Gian Pietro Picco,Gruia-Catalin Roman,Peter J. McCann;Reasoning about code mobility with mobile UNITY.;338-395;58;Volume 10, Number 3, July 2001;
2001;Jean-Rene Beauvais,Eric Rutten,Thierry Gautier,Roland Houdebine,Paul Le Guernic,Y.-M. Tang;Modeling statecharts and activitycharts as signal equations.;397-451;55;Volume 10, Number 4, October 2001;
2001;Angela Bonifati,Fabiano Cattaneo,Stefano Ceri,Alfonso Fuggetta,Stefano Paraboschi;Designing data marts for data warehouses.;452-483;32;Volume 10, Number 4, October 2001;
2000;Tevfik Bultan,Richard Gerber,Christopher League;Composite model-checking: verification with type-specific symbolic representations.;3-50;48;Volume 9, Number 1, January 2000;
2000;James C. Corbett;Using shape analysis to reduce finite-state models of concurrent Java programs.;51-93;43;Volume 9, Number 1, January 2000;
2000;Carl A. Gunter;Abstracting dependencies between software configuration items.;94-131;38;Volume 9, Number 1, January 2000;
2000;A. Prasad Sistla,Viktor Gyuris,E. Allen Emerson;SMC: a symmetry-based model checker for verification of safety and liveness properties.;133-166;34;Volume 9, Number 2, April 2000;
2000;Paolo Ciancarini,Francesco Franze,Cecilia Mascolo;Using a coordination language to specify and analyze systems containing mobile components.;167-198;32;Volume 9, Number 2, April 2000;
2000;Panos Louridas,Pericles Loucopoulos;A generic model for reflective design.;199-237;39;Volume 9, Number 2, April 2000;
2000;Paola Inverardi,Alexander L. Wolf,Daniel Yankelevich;Static checking of system behaviors using derived component assumptions.;239-272;34;Volume 9, Number 3, July 2000;
2000;Naftaly H. Minsky,Victoria Ungureanu;Law-governed interaction: a coordination and control mechanism for heterogeneous distributed systems.;273-305;33;Volume 9, Number 3, July 2000;
2000;Kevin Mills,Hassan Gomaa;A knowledge-based method for inferring semantic concepts from visual models of system behavior.;306-337;32;Volume 9, Number 3, July 2000;
2000;Dan S. Wallach,Andrew W. Appel,Edward W. Felten;SAFKASI: a security mechanism for language-based systems.;341-378;38;Volume 9, Number 4, October 2000;
2000;Philip W. L. Fong,Robert D. Cameron;Proof linking: modular verification of mobile programs in the presence of lazy, dynamic linking.;379-409;31;Volume 9, Number 4, October 2000;
2000;Andrew C. Myers,Barbara Liskov;Protecting privacy using the decentralized label model.;410-442;33;Volume 9, Number 4, October 2000;
2000;Edmund M. Clarke,Somesh Jha,Wilfredo R. Marrero;Verifying security protocols with Brutus.;443-487;45;Volume 9, Number 4, October 2000;
2000;Antonio Durante,Riccardo Focardi,Roberto Gorrieri;A compiler for analyzing cryptographic protocols using noninterference.;488-528;41;Volume 9, Number 4, October 2000;
1999;Jonathan S. Ostroff;Composition and Refinement of Discrte Real-Time Systems.;1-48;48;Volume 8, Number 1, January 1999;
1999;Shing-Chi Cheung,Jeffrey Kramer;Checking Safety Properties Using Compositional Reachability Analysis.;49-78;30;Volume 8, Number 1, January 1999;
1999;Emanuele Ciapessoni,Piergiorgio Mirandola,Alberto Coen-Porisini,Dino Mandrioli,Angelo Morzenti;From Formal Models to Formally Based Methods: An Industrial Experience.;79-113;35;Volume 8, Number 1, January 1999;
1999;Peter J. McCann,Gruia-Catalin Roman;Modeling Mobile IP in Mobile UNITY.;115-146;32;Volume 8, Number 2, April 1999;
1999;Jonathan E. Cook,Alexander L. Wolf;Software Process Validation: Quantitatively Measuring the Correspondence of a Process to a Model.;147-176;30;Volume 8, Number 2, April 1999;
1999;Premkumar T. Devanbu;GENOA - A Customizable, Front-end-Retargetable Source Code Analysis Framework.;177-212;36;Volume 8, Number 2, April 1999;
1999;Ernesto Damiani,Mariagrazia Fugini,Carlo Bellettini;A Hierarchy-aware Approach to Faceted Classification of Objected-Oriented Components.;215-262;48;Volume 8, Number 3, July 1999;
1999;Andy Podgurski,Wassim Masri,Yolanda McCleese,Francis G. Wolff,Charles Yang;Estimation of Software Reliability by Stratified Sampling.;263-283;21;Volume 8, Number 3, July 1999;
1999;Jean-Marc Jezequel;Reifying Variants in Configuration Management.;284-295;12;Volume 8, Number 3, July 1999;
1999;Steven P. Reiss;The Desert environment.;297-342;46;Volume 8, Number 4, October 1999;
1999;Klaus Pohl,Klaus Weidenhaupt,Ralf Domges,Peter Haumer,Matthias Jarke,Ralf Klamma;PRIME - Toward process-integrated modeling environments: 1.;343-410;68;Volume 8, Number 4, October 1999;
1999;D. Richard Kuhn;Fault classes and error detection capability of specification-based testing.;411-424;14;Volume 8, Number 4, October 1999;
1999;Ernesto Damiani,Mariagrazia Fugini,Carlo Bellettini;Corrigenda: a hierarchy-aware approach to faceted classification of object-oriented components.;425-472;48;Volume 8, Number 4, October 1999;
1998;John C. Doppke,Dennis Heimbigner,Alexander L. Wolf;Software Process Modeling and Execution Within Virtual Environments.;1-40;40;Volume 7, Number 1, January 1998;
1998;Adam A. Porter,Harvey P. Siy,Audris Mockus,Lawrence G. Votta;Understanding the Sources of Variation in Software Inspections.;41-79;39;Volume 7, Number 1, January 1998;
1998;Luciano Baresi,Mauro Pezze;Toward Formalizing Structured Analysis.;80-107;28;Volume 7, Number 1, January 1998;
1998;Robert W. Bowdidge,William G. Griswold;Supporting the Restructuring of Data Abstractions Through Manipulation of a Program Visualization.;109-157;49;Volume 7, Number 2, April 1998;
1998;Gail C. Murphy,David Notkin,William G. Griswold,Erica S.-C. Lan;An Empirical Study of Static Call Graph Extractors.;158-191;34;Volume 7, Number 2, April 1998;
1998;James J. Hunt,Kiem-Phong Vo,Walter F. Tichy;Delta Algorithms: An Empirical Analysis.;192-214;23;Volume 7, Number 2, April 1998;
1998;Jonathan E. Cook,Alexander L. Wolf;Discovering Models of Software Processes from Event-Based Data.;215-249;35;Volume 7, Number 3, July 1998;
1998;Huo Yan Chen,T. H. Tse,F. T. Chan,Tsong Yueh Chen;In Black and White: An Integrated Approach to Class-Level Testing of Object-Oriented Programs.;250-295;46;Volume 7, Number 3, July 1998;
1998;Judith Crow,Ben L. Di Vito;Formalizing Space Shuttle Software Requirements: Four Case Studies.;296-332;37;Volume 7, Number 3, July 1998;
1998;Robert Allen,David Garlan;Errata: A Formal Basis for Architectural Connection.;333-334;2;Volume 7, Number 3, July 1998;
1998;Anthony Hunter,Bashar Nuseibeh;Managing Inconsistent Specifications: Reasoning, Analysis, and Action.;335-367;33;Volume 7, Number 4, October 1998;
1998;Maria Letizia Jaccheri,Gian Pietro Picco,Patricia Lago;Eliciting software Process Models with the ;368-410;43;Volume 7, Number 4, October 1998;
1998;Alfonso Fuggetta,Luigi Lavazza,Sandro Morasca,Stefano Cinti,Giandomenico Oldano,Elena Orazi;Applying GQM in an Industrial Software Factory.;411-448;38;Volume 7, Number 4, October 1998;
1998;James J. Hunt,Walter F. Tichy;"Addendum to ""Delta Algorithms: An Empirical Analysis"".";449;1;Volume 7, Number 4, October 1998;
1997;Pamela Zave,Michael Jackson;Four Dark Corners of Requirements Engineering.;1-30;30;Volume 6, Number 1, January 1997;
1997;Louise E. Moser,Y. S. Ramakrishna,George Kutty,P. Michael Melliar-Smith,Laura K. Dillon;A Graphical Environment for the Design of Concurrent Real-Time Systems.;31-79;49;Volume 6, Number 1, January 1997;
1997;Laura K. Dillon;Task Dependence and Termination in Ada.;80-110;31;Volume 6, Number 1, January 1997;
1997;Scott Henninger;An Evolutionary Approach to Constructing Effective Software Reuse Repositories.;111-140;30;Volume 6, Number 2, April 1997;
1997;Premkumar T. Devanbu,Mark A. Jones;The Use of Description Logics in KBSE Systems.;141-172;32;Volume 6, Number 2, April 1997;
1997;Gregg Rothermel,Mary Jean Harrold;A Safe, Efficient Regression Test Selection Technique.;173-210;38;Volume 6, Number 2, April 1997;
1997;Robert Allen,David Garlan;A Formal Basis for Architectural Connection.;213-249;37;Volume 6, Number 3, July 1997;
1997;Gruia-Catalin Roman,Peter J. McCann,Jerome Y. Plun;Mobile UNITY: Reasoning and Specification in Mobile Computing.;250-282;33;Volume 6, Number 3, July 1997;
1997;Vincenzo Ambriola,Reidar Conradi,Alfonso Fuggetta;Assessing Process-Centered Software Engineering Environments.;283-328;46;Volume 6, Number 3, July 1997;
1997;Alexandre Petrenko;"Technical Correspondence Comments on ""A Reduced Test Suite for Protocol Conformance Testing"".";329-331;3;Volume 6, Number 3, July 1997;
1997;Amy Moormann Zaremski,Jeannette M. Wing;Specification Matching of Software Components.;333-369;37;Volume 6, Number 4, October 1997;
1997;Rajiv Gupta,Mary Lou Soffa,John Howard;Hybrid Slicing: Integrating Dynamic Information with Static Analysis.;370-397;28;Volume 6, Number 4, October 1997;
1997;Andreas Zeller,Gregor Snelting;Unified Versioning Through Feature Logic.;398-441;44;Volume 6, Number 4, October 1997;
1996;Mark van den Brand,Eelco Visser;Generation of Formatters for Context-Free Languages.;1-41;41;Volume 5, Number 1, January 1996;
1996;Premkumar T. Devanbu,David S. Rosenblum,Alexander L. Wolf;Generating Testing and Analysis Tools with Aria.;42-62;21;Volume 5, Number 1, January 1996;
1996;Roger Ferguson,Bogdan Korel;The Chaining Approach for Software Test Data Generation.;63-86;24;Volume 5, Number 1, January 1996;
1996;Elaine J. Weyuker;Using Failure Cost Information for Testing and Reliability Assessment.;87-98;12;Volume 5, Number 2, April 1996;
1996;Jeff Offutt,Ammei Lee,Gregg Rothermel,Roland H. Untch,Christian Zapf;An Experimental Determination of Sufficient Mutant Operators.;99-118;20;Volume 5, Number 2, April 1996;
1996;Francesco Bergadano,Daniele Gunetti;Testing by Means of Inductive Program Learning.;119-145;27;Volume 5, Number 2, April 1996;
1996;Gregor Snelting;Reengineering of Configurations Based on Mathematical Concept Analysis.;146-189;44;Volume 5, Number 2, April 1996;
1996;Gianpaolo Cugola,Elisabetta Di Nitto,Alfonso Fuggetta,Carlo Ghezzi;A Framework for Formalizing Inconsistencies and Deviations in Human-Centered Systems.;191-230;40;Volume 5, Number 3, July 1996;
1996;Constance L. Heitmeyer,Ralph D. Jeffords,Bruce G. Labaw;Automated Consistency Checking of Requirements Specifications.;231-261;31;Volume 5, Number 3, July 1996;
1996;Gail C. Murphy,David Notkin;Lightweight Lexical Source Model Extraction.;262-292;31;Volume 5, Number 3, July 1996;
1996;David Harel,Amnon Naamad;The STATEMATE Semantics of Statecharts.;293-333;41;Volume 5, Number 4, October 1996;
1996;Shing-Chi Cheung,Jeffrey Kramer;Context Constraints for Compositional Reachability Analysis.;334-377;44;Volume 5, Number 4, October 1996;
1996;Daniel J. Barrett,Lori A. Clarke,Peri L. Tarr,Alexander E. Wise;A Framework for Event-Based Software Integration.;378-421;44;Volume 5, Number 4, October 1996;
1995;David M. Binkley,Susan Horwitz,Thomas W. Reps;Program Integration for Languages with Procedure Calls.;3-35;33;Volume 4, Number 1, January 1995 ;
1995;William E. Howden,Yudong Huang;Software Trustability Analysis.;36-64;29;Volume 4, Number 1, January 1995 ;
1995;Michal Young,Richard N. Taylor,David L. Levine,Kari A. Nies,Debra Brodbeck;A Concurrency Analysis Tool Suite for Ada Programs: Rational, Design, and Preliminary Experience.;65-106;42;Volume 4, Number 1, January 1995 ;
1995;Daniel B. Jackson;Aspect: Detecting Bugs with Abstract Dependences.;109-145;37;Volume 4, Number 2, April 1995 ;
1995;Amy Moormann Zaremski,Jeannette M. Wing;Signature Matching: A Tool for Using Software Libraries.;146-170;25;Volume 4, Number 2, April 1995 ;
1995;Mauro Pezze,Richard N. Taylor,Michal Young;Graph Models for Reachability of Concurrent Programs.;171-213;43;Volume 4, Number 2, April 1995 ;
1995;Bevin R. Brett;"Comments on ""The Cost of Selective Recompilation and Environment Processing"".";214-215;2;Volume 4, Number 2, April 1995 ;
1995;Rolf Adams,Walter F. Tichy,Annette Weinert;Authors' Response.;217-219;3;Volume 4, Number 2, April 1995 ;
1995;Stanley M. Sutton Jr.,Dennis Heimbigner,Leon J. Osterweil;APPL/A: A Language for Software Process Programming.;221-286;66;Volume 4, Number 3, July 1995;
1995;H. Rebecca Callison;A Time-Sensitive Object Model for Real-Time Systems.;287-317;31;Volume 4, Number 3, July 1995;
1995;Gregory D. Abowd,Robert J. Allen,David Garlan;Formalizing Style to Understand Descriptions of Software Architecture.;319-364;46;Volume 4, Number 4, October 1995;
1995;Daniel B. Jackson;Structuring Z Specifications with Views;365-389;25;Volume 4, Number 4, October 1995;
1994;Rolf Adams,Walter F. Tichy,Annette Weinert;The Cost of Selective Recompilation and Environment Processing.;3-28;26;Volume 3, Number 1, January 1994 ;
1994;Istvan Forgacs;Double Iterative Framework for Flow-Sensitive Interprocedural Data Flow Analysis.;29-55;27;Volume 3, Number 1, January 1994 ;
1994;Angelo Morzenti,Pierluigi San Pietro;Object-Oriented Logical Specification of Time-Critical Systems.;56-98;43;Volume 3, Number 1, January 1994 ;
1994;Roong-Ko Doong,Phyllis G. Frankl;The ASTOOT Approach to Testing Object-Oriented Programs.;101-130;30;Volume 3, Number 2, April 1994 ;
1994;Laura K. Dillon,George Kutty,Louise E. Moser,P. Michael Melliar-Smith,Y. S. Ramakrishna;A Graphical Interval Logic for Specifying Concurrent Systems.;131-165;35;Volume 3, Number 2, April 1994 ;
1994;Francesco Parisi-Presicce,Alfonso Pierantonio;An Algebraic Theory of Class Specification.;166-199;34;Volume 3, Number 2, April 1994 ;
1994;Philip J. Bernhard;A Reduced Test Suite for Protocol Conformance Testing.;201-220;20;Volume 3, Number 3, July 1994 ;
1994;Yoonsik Cheon,Gary T. Leavens;The Larch/Smalltalk Interface Specification Language.;221-253;33;Volume 3, Number 3, July 1994 ;
1994;Bingchiang Jeng,Elaine J. Weyuker;A Simplified Domain-Testing Strategy.;254-270;17;Volume 3, Number 3, July 1994 ;
1994;Christian Creveuil,Gruia-Catalin Roman;Formal Specification and Designof a Message Router.;271-307;37;Volume 3, Number 4, October 1994 ;
1994;Miguel Felder,Angelo Morzenti;Validating Real-Time Systems by History-Checking TRIO Specifications.;308-339;32;Volume 3, Number 4, October 1994 ;
1994;Sastry Duri,Ugo A. Buy,R. Devarapalli,Sol M. Shatz;Application and Experimental Evaluation of State Space Reduction Methods for Deadlock Analysis in Ada.;340-380;41;Volume 3, Number 4, October 1994 ;
1993;Manfred Broy;Functional Specification of Time-Sensitive Communicating Systems.;1-46;46;Volume 2, Number 1, January 1993 ;
1993;Gail E. Kaiser,Simon M. Kaplan;Parallel and Distributed Incremental Attribute Evaluation Algorithms for Multiuser Software Development Environments.;47-92;46;Volume 2, Number 1, January 1993 ;
1993;James A. Whittaker,Jesse H. Poore;Markow Analysis of Software Specifications.;93-106;14;Volume 2, Number 1, January 1993 ;
1993;Richard A. DeMillo,Jeff Offutt;Experimental Results from an Automatic Test Case Generator.;109-127;19;Volume 2, Number 2, April 1993 ;
1993;Yishai A. Feldman,Haim Schneider;Simulating Reactive Systems by Deduction.;128-175;48;Volume 2, Number 2, April 1993 ;
1993;Paul Klint;A Meta-Environment for Generating Programming Environments.;176-201;26;Volume 2, Number 2, April 1993 ;
1993;Paolo Ciancarini;Coordinating Rule-Based Software Processes with ESP.;203-227;25;Volume 2, Number 3, July 1993 ;
1993;William G. Griswold,David Notkin;Automated Assistance for Program Restructuring.;228-269;42;Volume 2, Number 3, July 1993 ;
1993;Mary Jean Harrold,Rajiv Gupta,Mary Lou Soffa;A Methodology for Controlling the Size of a Test Suite.;270-285;16;Volume 2, Number 3, July 1993 ;
1993;Andy Podgurski,Lynn Pierce;Retrieving Reusable Software by Sampling Behaviour.;286-303;18;Volume 2, Number 3, July 1993 ;
1993;Laura K. Dillon;A Visual Model for Ada Tasking.;311-345;35;Volume 2, Number 4, October 1993 ;
1993;Farn Wang,Aloysius K. Mok,E. Allen Emerson;Distributed Real-Time System Specification and Verification in APTL.;346-378;33;Volume 2, Number 4, October 1993 ;
1993;Pamela Zave,Michael Jackson;Conjunction as Composition.;379-411;33;Volume 2, Number 4, October 1993 ;
1992;W. Richards Adrion;Editorial.;1-4;4;Volume 1, Number 1, January 1992 ;
1992;Jeff Offutt;Investigations of the Software Testing Coupling Effect.;5-20;16;Volume 1, Number 1, January 1992 ;
1992;Kurt M. Olender,Leon J. Osterweil;Interprocedural Static Analysis of Sequencing Constraints.;21-52;32;Volume 1, Number 1, January 1992 ;
1992;Victor R. Basili,Gianluigi Caldiera,Giovanni Cantone;A Reference Architecture for the Component Factory.;53-80;28;Volume 1, Number 1, January 1992 ;
1992;Carmen J. Trammell,Leon H. Binder,Cathrine E. Snyder;The Automated Production Control Documentation System: A Case Study in Cleanroom Software Engineering.;81-94;14;Volume 1, Number 1, January 1992 ;
1992;Robert A. Ballance,Susan L. Graham,Michael L. Van de Vanter;The Pan Language-Based Editing System.;95-127;33;Volume 1, Number 1, January 1992 ;
1992;W. Richards Adrion;Editorial.;133;1;Volume 1, Number 2, April 1992 ;
1992;Gregor Engels,Claus Lewerentz,Manfred Nagl,Wilhelm Schafer,Andy Schurr;Building Integrated Software Development Environments Part I: Tool Specification.;135-167;33;Volume 1, Number 2, April 1992 ;
1992;James D. Kiper;Structural Testing of Rule-Based Expert Systems.;168-187;20;Volume 1, Number 2, April 1992 ;
1992;G. Michael Schneider,Johnny Martin,Wei-Tek Tsai;An Experimental Study of Fault Detection In User Requirements Documents.;188-204;17;Volume 1, Number 2, April 1992 ;
1992;Eduardo Ostertag,Jim Hendler,Ruben Prieto-Diaz,Christine Braun;Computing Similarity in a Reuse Library System: An AI-Based Approach.;205-228;24;Volume 1, Number 3, July 1992 ;
1992;Kevin J. Sullivan,David Notkin;Reconciling Environment Integration and Software Evolution.;229-268;40;Volume 1, Number 3, July 1992 ;
1992;Shmuel S. Tyszberowicz,Amiram Yehudai;OBSERV - A Prototyping Language and Environment.;269-309;41;Volume 1, Number 3, July 1992 ;
1992;Wuu Yang,Susan Horwitz,Thomas W. Reps;A Program Integration Algorithm that Accommodates Semantics-Preserving Transformations.;310-354;45;Volume 1, Number 3, July 1992 ;
1992;Don S. Batory,Sean W. O'Malley;The Design and Implementation of Hierarchical Software Systems with Reusable Components.;355-398;44;Volume 1, Number 4, October 1992 ;
1992;David Harel,Chaim-Arie Kahana;On Statecharts with Overlapping.;399-421;23;Volume 1, Number 4, October 1992 ;
1992;Steven J. Zeil,Faten H. Afifi,Lee J. White;Detection of Linear Errors via Domain Testing.;422-451;30;Volume 1, Number 4, October 1992 ;
