2016;Eduard Paul Enoiu,Adnan Causevic,Daniel Sundmark,Paul Pettersson;A Controlled Experiment in Testing of Safety-Critical Embedded Software.;1-11;11;Session 1:Test Generation;
2016;Itai Segall;Repeated Combinatorial Test Design - Unleashing the Potential in Multiple Testing Iterations.;12-21;10;Session 1:Test Generation;
2016;Ruoyu Gao,Zhen Ming Jiang,Cornel Barna,Marin Litoiu;A Framework to Evaluate the Effectiveness of Different Load Testing Analysis Techniques.;22-32;11;Session 1:Test Generation;
2016;Kevin Moran,Mario Linares Vasquez,Carlos Bernal-Cardenas,Christopher Vendome,Denys Poshyvanyk;Automatically Discovering, Reporting and Reproducing Android Application Crashes.;33-44;12;Session 1:Test Generation;
2016;Daniel Liew,Cristian Cadar,Alastair F. Donaldson;Symbooglix: A Symbolic Execution Engine for Boogie Programs.;45-56;12;Session 2:Constraint Solving and Search;
2016;Hong Lu,Tao Yue,Shaukat Ali Khan,Li Zhang;Nonconformity Resolving Recommendations for Product Line Configuration.;57-68;12;Session 2:Constraint Solving and Search;
2016;Bogdan Marculescu,Robert Feldt,Richard Torkar;Using Exploration Focused Techniques to Augment Search-Based Software Testing: An Experimental Evaluation.;69-79;11;Session 2:Constraint Solving and Search;
2016;August Shi,Alex Gyori,Owolabi Legunsen,Darko Marinov;Detecting Assumptions on Deterministic Implementations of Non-deterministic Specifications.;80-90;11;Session 2:Constraint Solving and Search;
2016;Tao Ye,Lingming Zhang,Linzhang Wang,Xuandong Li;An Empirical Study on Detecting and Fixing Buffer Overflow Bugs.;91-101;11;Session 3:Debugging;
2016;Paolo Arcaini,Angelo Gargantini,Paolo Vavassori;Automatic Detection and Removal of Conformance Faults in Feature Models.;102-112;11;Session 3:Debugging;
2016;Wided Ghardallou,Nafi Diallo,Ali Mili,Marcelo F. Frias;Debugging without Testing.;113-123;11;Session 3:Debugging;
2016;Shih-Feng Sun,Andy Podgurski;Properties of Effective Metrics for Coverage-Based Statistical Fault Localization.;124-134;11;Session 3:Debugging;
2016;John Hughes,Benjamin C. Pierce,Thomas Arts,Ulf Norell;Mysteries of DropBox: Property-Based Testing of a Distributed Synchronization Service.;135-145;11;Session 4:Concurrency and Performance;
2016;Maryam Abdul Ghafoor,Muhammad Suleman Mahmood,Junaid Haroon Siddiqui;Effective Partial Order Reduction in Model Checking Database Applications.;146-156;11;Session 4:Concurrency and Performance;
2016;Maicon Bernardino,Avelino Francisco Zorzo,Elder de M. Rodrigues;Canopus: A Domain-Specific Language for Modeling Performance Testing.;157-167;11;Session 4:Concurrency and Performance;
2016;Tingting Yu,Wei Wen,Xue Han,Jane Huffman Hayes;Predicting Testability of Concurrent Programs.;168-179;12;Session 4:Concurrency and Performance;
2016;Mouna Hammoudi,Gregg Rothermel,Paolo Tonella;Why do Record/Replay Tests of Web Applications Break?;180-190;11;Session 5:Web Applications;
2016;Sonal Mahajan,Bailan Li,Pooyan Behnamghader,William G. J. Halfond;Using Visual Symptoms for Debugging Presentation Failures in Web Applications.;191-201;11;Session 5:Web Applications;
2016;Abdulmajeed Alameer,Sonal Mahajan,William G. J. Halfond;Detecting and Localizing Internationalization Presentation Failures in Web Applications.;202-212;11;Session 5:Web Applications;
2016;Vahid Garousi,Kadir Herkiloglu;Selecting the Right Topics for Industry-Academia Collaborations in Software Testing: An Experience Report.;213-222;10;Session 5:Web Applications;
2016;Robert Feldt,Simon M. Poulding,David Clark,Shin Yoo;Test Set Diameter: Quantifying the Diversity of Sets of Test Cases.;223-233;11;Session 6:Test Analysis;
2016;Chen Huo,James A. Clause;Interpreting Coverage Information Using Direct and Indirect Coverage.;234-243;10;Session 6:Test Analysis;
2016;Thomas Arts,John Hughes;How Well are Your Requirements Tested?;244-254;11;Session 6:Test Analysis;
2016;Yufeng Cheng,Meng Wang,Yingfei Xiong,Dan Hao,Lu Zhang;Empirical Evaluation of Test Coverage for Functional Programs.;255-265;11;Session 6:Test Analysis;
2016;Junjie Chen,Yanwei Bai,Dan Hao,Yingfei Xiong,Hongyu Zhang,Lu Zhang,Bing Xie;Test Case Prioritization for Compilers: A Text-Vector Based Approach.;266-277;12;Session 7:Regression Testing;
2016;Luis Pina,Michael W. Hicks;Tedsuto: A General Framework for Testing Dynamic Software Updates.;278-287;10;Session 7:Regression Testing;
2016;Mohammed Al-Refai,Sudipto Ghosh,Walter Cazzola;Model-Based Regression Test Selection for Validating Runtime Adaptation of Software Systems.;288-298;11;Session 7:Regression Testing;
2016;Donghwan Shin,Doo-Hwan Bae;A Theoretical Framework for Understanding Mutation-Based Testing Methods.;299-308;10;Session 8:Mutation;
2016;Eric Larson,Anna Kirk;Generating Evil Test Strings for Regular Expressions.;309-319;11;Session 8:Mutation;
2016;Susumu Tokumoto,Hiroaki Yoshida,Kazunori Sakamoto,Shinichi Honiden;MuVM: Higher Order Mutation Analysis Virtual Machine for C.;320-329;10;Session 8:Mutation;
2016;Shabnam Mirshokraie,Ali Mesbah 0001,Karthik Pattabiraman;Atrina: Inferring Unit Oracles from GUI Test Cases.;330-340;11;Session 9:Unit Testing;
2016;Boyang Li,Christopher Vendome,Mario Linares Vasquez,Denys Poshyvanyk,Nicholas A. Kraft;Automatically Documenting Unit Test Cases.;341-352;12;Session 9:Unit Testing;
2016;Dominik Holling,Andreas Hofbauer,Alexander Pretschner,Matthias Gemmar;Profiting from Unit Tests for Integration Testing.;353-363;11;Session 9:Unit Testing;
2016;Teng Long,Il-Chul Yoon,Adam A. Porter,Atif M. Memon,Alan Sussman;Coordinated Collaborative Testing of Shared Software Components.;364-374;11;Session 9:Unit Testing;
2016;Francesco A. Bianchi;Testing Concurrent Software Systems.;375-376;2;Ph.D. Symposium;
2016;Mahboubeh Dadkhah;Semantic-Based Test Case Generation.;377-378;2;Ph.D. Symposium;
2016;Zebao Gao;Making System User Interactive Tests Repeatable: When and What Should we Control?;379-380;2;Ph.D. Symposium;
2016;Joakim Gustavsson;Verification Methodology for Fully Autonomous Heavy Vehicles.;381-382;2;Ph.D. Symposium;
2016;Bruno Lima;Automated Scenario-Based Testing of Distributed and Heterogeneous Systems.;383-384;2;Ph.D. Symposium;
2016;Emily Kowalczyk;Modeling App Behavior from Multiple Artifacts.;385-386;2;Ph.D. Symposium;
2016;Sebastian Kunze;Symbolic Characterisation of Commonalities in Testing Software Product Lines.;387-388;2;Ph.D. Symposium;
2016;Rui Xin;Self-Healing Cloud Applications.;389-390;2;Ph.D. Symposium;
2016;Daniele Zuddas;Semantic Testing of Interactive Applications.;391-392;2;Ph.D. Symposium;
2016;Nan Li,Anthony Escalona,Tariq Kamal;Skyfire: Model-Based Testing with Cucumber.;393-400;8;Testing Tool Papers;
2016;Andrea Arcuri,Jose Campos,Gordon Fraser;Unit Test Generation During Software Development: EvoSuite Plugins for Maven, IntelliJ and Jenkins.;401-408;8;Testing Tool Papers;
2016;Bertrand Stivalet,Elizabeth Fong;Large Scale Generation of Complex and Faulty PHP Test Cases.;409-415;7;Testing Tool Papers;
2016;Thomas Wetzlmaier,Rudolf Ramler,Werner Putschogl;A Framework for Monkey GUI Testing.;416-423;8;Testing Tool Papers;
2015;Jing Xu,Yu Lei,Richard H. Carver,David Chenho Kung;A Lightweight, Static Approach to Detecting Unbounded Thread-Instantiation Loops.;1-10;10;ICST;
2015;Mark Harman,Yue Jia,Yuanyuan Zhang;Achievements, Open Problems and Challenges for Search Based Software Testing.;1-12;12;ICST;
2015;Dennis Appelt,Cu Duy Nguyen,Lionel C. Briand;Behind an Application Firewall, Are We Safe from SQL Injection Attacks?;1-10;10;ICST;
2015;Valeria Lelli,Arnaud Blouin,Benoit Baudry;Classifying and Qualifying GUI Defects.;1-10;10;ICST;
2015;Timo Huuhtanen,Juha Itkonen,Casper Lassenius;Combining Algebraic and Domain Testing to Design Adequate Test Cases for Signal Processing Algorithms.;1-10;10;ICST;
2015;Emil Alegroth,Zebao Gao,Rafael Alves Paes de Oliveira,Atif M. Memon;Conceptualization and Evaluation of Component-Based Testing Unified with Visual GUI Testing: An Empirical Study.;1-10;10;ICST;
2015;Mian Wan,Yuchen Jin,Ding Li,William G. J. Halfond;Detecting Display Energy Hotspots in Android Apps.;1-10;10;ICST;
2015;Sonal Mahajan,William G. J. Halfond;Detection and Localization of HTML Presentation Failures Using Computer Vision-Based Techniques.;1-10;10;ICST;
2015;Lajos Cseppento,Zoltan Micskei;Evaluating Symbolic Execution-Based Test Tools.;1-10;10;ICST;
2015;Debajyoti Mondal,Hadi Hemmati,Stephane Durocher;Exploring Test Suite Diversification and Code Coverage in Multi-Objective Test Case Selection.;1-10;10;ICST;
2015;Daniel Di Nardo,Fabrizio Pastore,Lionel C. Briand;Generating Complex and Faulty Test Data through Model-Based Mutation Analysis.;1-10;10;ICST;
2015;Cuong Nguyen 0001,Hiroaki Yoshida,Mukul R. Prasad,Indradeep Ghosh,Koushik Sen;Generating Succinct Test Cases Using Don't Care Analysis.;1-10;10;ICST;
2015;Paolo Arcaini,Angelo Gargantini,Paolo Vavassori;Generating Tests for Detecting Faults in Feature Models.;1-10;10;ICST;
2015;Tingting Yu,Myra B. Cohen;Guided Test Generation for Finding Worst-Case Stack Usage in Embedded Systems.;1-10;10;ICST;
2015;Stephan Arlt,Tobias Morciniec,Andreas Podelski,Silke Wagner;If A Fails, Can B Still Succeed? Inferring Dependencies between Test Results in Automotive System Testing.;1-10;10;ICST;
2015;Tosapon Pankumhang,Matthew Rutherford;Iterative Instrumentation for Code Coverage in Time-Sensitive Systems.;1-10;10;ICST;
2015;Shabnam Mirshokraie,Ali Mesbah 0001,Karthik Pattabiraman;JSEFT: Automated Javascript Unit Test Generation.;1-10;10;ICST;
2015;Nicklas Erman,Vanja Tufvesson,Markus Borg,Per Runeson,Anders Ardo;Navigating Information Overload Caused by Automated Testing - a Clustering Approach in Multi-Branch Development.;1-9;9;ICST;
2015;Zhuofu Bai,Gang Shu,Andy Podgurski;NUMFL: Localizing Faults in Numerical Software Using a Value-Based Causal Model.;1-10;10;ICST;
2015;Emil Alegroth,Geoffrey Bache,Emily Bache;On the Industrial Applicability of TextTest: An Empirical Case Study.;1-10;10;ICST;
2015;Akihisa Yamada 0002,Takashi Kitamura,Cyrille Valentin Artho,Eun-Hye Choi,Yutaka Oiwa,Armin Biere;Optimization of Combinatorial Testing by Incremental SAT Solving.;1-10;10;ICST;
2015;Azadeh Farzan,Andreas Holzer,Helmut Veith;Perspectives on White-Box Testing: Coverage, Concurrency, and Concolic Execution.;1-11;11;ICST;
2015;Qiuping Yi,Zijiang Yang,Shengjian Guo,Chao Wang 0001,Jian Liu,Chen Zhao;Postconditioned Symbolic Execution.;1-10;10;ICST;
2015;Hadi Hemmati,Zhihan Fang,Mika V. Mantyla;Prioritizing Manual Test Cases in Traditional and Rapid Release Environments.;1-10;10;ICST;
2015;Jan Midtgaard,Anders Moller;QuickChecking Static Analysis Properties.;1-10;10;ICST;
2015;Annibale Panichella,Fitsum Meshesha Kifetew,Paolo Tonella;Reformulating Branch Coverage as a Many-Objective Optimization Problem.;1-10;10;ICST;
2015;Simon M. Poulding,Robert Feldt;Re-Using Generators of Complex Test Data.;1-10;10;ICST;
2015;Kalou Cabrera Castillos,Helene Waeselynck,Virginie Wiels;Show Me New Counterexamples: A Path-Based Approach.;1-10;10;ICST;
2015;Sebastien Bardin,Mickael Delahaye,Robin David,Nikolai Kosmatov,Mike Papadakis,Yves Le Traon,Jean-Yves Marion;Sound and Quasi-Complete Detection of Infeasible Test Requirements.;1-10;10;ICST;
2015;Simon Holm Jensen,Suresh Thummalapenta,Saurabh Sinha,Satish Chandra 0001;Test Generation from Business Rules.;1-10;10;ICST;
2015;Pavneet Singh Kochhar,Ferdian Thung,Nachiappan Nagappan,Thomas Zimmermann 0001,David Lo;Understanding the Test Automation Culture of App Developers.;1-10;10;ICST;
2015;Eric James Rapos,Jurgen Dingel;Using Fuzzy Logic and Symbolic Execution to Prioritize UML-RT Test Cases.;1-10;10;ICST;
2015;Maurizio Leotta,Andrea Stocco,Filippo Ricca,Paolo Tonella;Using Multi-Locators to Increase the Robustness of Web Test Cases.;1-10;10;ICST;
2015;Haitao Zhang,Toshiaki Aoki,Yuki Chiba;Yes! You Can Use Your Model Checker to Verify OSEK/VDX Applications.;1-10;10;ICST;
2015;Eric J. Rapos;Co-Evolution of Model-Based Tests for Industrial Automotive Software.;1-2;2;ICST;
2015;Stefan Tiran;Incremental Model-Based Mutation Testing.;1-2;2;ICST;
2015;Florian Lorber;Model-Based Mutation Testing of Synchronous and Asynchronous Real-Time Systems.;1-2;2;ICST;
2015;Florian Haser;Non-Intrusive Documentation-Driven Integration Testing.;1-2;2;ICST;
2015;Hermann Felbinger;Test Suite Quality Assessment Using Model Inference Techniques.;1-2;2;ICST;
2015;Stefan Mohacsi,Michael Felderer,Armin Beer;A Case Study on the Efficiency of Model-Based Testing at the European Space Agency.;1-2;2;ICST;
2015;Nan Li,Anthony Escalona,Yun Guo,Jeff Offutt;A Scalable Big Data Test Framework.;1-2;2;ICST;
2015;Daniel Kunzle,Carl F. Worms;A Virtual Bank for Development and Testing.;1-2;2;ICST;
2015;Daniel Werner;Fluently Reading, Writing and Speaking Hexadecimal with Gepetto's Help.;1-5;5;ICST;
2015;Tadahiro Noguchi,Hironori Washizaki,Yoshiaki Fukazawa,Atsutoshi Sato,Kenichiro Ota;History-Based Test Case Prioritization for Black Box Testing Using Ant Colony Optimization.;1-2;2;ICST;
2015;Edgar J. Holleis;Integrating Concrete Symbolic Testing with an Industrial Embedded Software Development Workflow.;1-2;2;ICST;
2015;M. Devrim Tokcan,Onur Ozturk,Hakan Tuna;MetTest: A Test Automation Framework for Development of a Point-To-Multipoint Radio.;1-2;2;ICST;
2015;Andreia Santos,Igor Correia;Mobile Testing in Software Industry Using Agile: Challenges and Opportunities.;1-2;2;ICST;
2015;Giorgio Brajnik,Andrea Baruzzo,Sara Fabbro;Model-Based Continuous Integration Testing of Responsiveness of Web Applications.;1-2;2;ICST;
2015;Willibald Krenn,Rupert Schlick,Stefan Tiran,Bernhard K. Aichernig,Elisabeth Jobstl,Harald Brandl;MoMut: : UML Model-Based Mutation Testing for UML.;1-8;8;ICST;
2015;Elder de M. Rodrigues,Maicon Bernardino,Leandro T. Costa,Avelino Francisco Zorzo,Flavio Moreira de Oliveira;PLeTsPerf - A Model-Based Performance Testing Tool.;1-8;8;ICST;
2015;Christian El Salloum;Seamless Integration of Test Information Management and Calibration Data Management in the Overall Automotive Development Process.;1-3;3;ICST;
2015;Roberto Carbone,Luca Compagna,Annibale Panichella,Serena Elisa Ponta;Security Threat Identification and Testing.;1-8;8;ICST;
2015;David Honfi,Andras Voros,Zoltan Micskei;SEViz: A Tool for Visualizing Symbolic Execution.;1-8;8;ICST;
2015;Robert Korosec,Roman Pfarrhofer;Supporting the Transition to an Agile Test Matrix.;1-2;2;ICST;
2015;Takanori Kobashi,Masatoshi Yoshizawa,Hironori Washizaki,Yoshiaki Fukazawa,Nobukazu Yoshioka,Takao Okubo,Haruhiko Kaiya;TESEM: A Tool for Verifying Security Design Pattern Applications by Model Testing.;1-8;8;ICST;
2015;Manuel Oriol;Testing Legacy Embedded Code: Landing on a Software Engineering Desert Island.;1-2;2;ICST;
2015;Sylvain Halle,Nicolas Bergeron,Francis Guerin,Gabriel Le Breton;Testing Web Applications Through Layout Constraints.;1-8;8;ICST;
2015;Steffen Herbold,Alberto De Francesco,Jens Grabowski,Patrick Harms,Lom-Messan Hillah,Fabrice Kordon,Ariele-Paolo Maesano,Libero Maesano,Claudia Di Napoli,Fabio De Rosa,Martin A. Schneider,Nicola Tonellotto,Marc-Florian Wendland,Pierre-Henri Wuillemin;The MIDAS Cloud Platform for Testing SOA Applications.;1-8;8;ICST;
2015;Shaukat Ali Khan,Tao Yue;U-Test: Evolving, Modelling and Testing Realistic Uncertain Behaviours of Cyber-Physical Systems.;1-2;2;ICST;
2015;Sonal Mahajan,William G. J. Halfond;WebSee: A Tool for Debugging HTML Presentation Failures.;1-8;8;ICST;
2014;Mike Papadakis,Christopher Henard,Yves Le Traon;Sampling Program Inputs with Mutation Analysis: Going Beyond Combinatorial Interaction Testing.;1-10;10;ICST;
2014;Marcio Eduardo Delamaro,Jeff Offutt,Paul Ammann;Designing Deletion Mutation Operators.;11-20;10;ICST;
2014;Paul Ammann,Marcio Eduardo Delamaro,Jeff Offutt;Establishing Theoretical Minimal Sets of Mutants.;21-30;10;ICST;
2014;Andreas Demuth,Roberto Erick Lopez-Herrejon,Alexander Egyed;Automatic and Incremental Product Optimization for Software Product Lines.;31-40;10;ICST;
2014;Ana B. Sanchez,Sergio Segura,Antonio Ruiz Cortes;A Comparison of Test Case Prioritization Criteria for Software Product Lines.;41-50;10;ICST;
2014;Hartmut Lackner,Martin Thomas,Florian Wartenberg,Stephan Weissleder;Model-Based Test Design of Product Lines: Raising Test Design to the Product Line Level.;51-60;10;ICST;
2014;Shin Hong,Yongbae Park,Moonzoo Kim;Detecting Concurrency Errors in Client-Side Java Script Web Applications.;61-70;10;ICST;
2014;Giovanni Denaro,Mauro Pezze,Mattia Vivanti;On the Right Objectives of Data Flow Testing.;71-80;10;ICST;
2014;Roberto Paulo Andrioli de Araujo,Marcos Lordello Chaim;Data-Flow Testing in the Large.;81-90;10;ICST;
2014;Susumu Tokumoto,Kazunori Sakamoto,Kiyofumi Shimojo,Tadahiro Uehara,Hironori Washizaki;Semi-automatic Incompatibility Localization for Re-engineered Industrial Software.;91-94;4;ICST;
2014;Marko Miic,Iain Bethune,Milo Tomaevic;Automated Multi-platform Testing and Code Coverage Analysis of the CP2K Application.;95-98;4;ICST;
2014;Sachin Patel,Ramesh Kumar Kollana;Test Case Reuse in Enterprise Software Implementation - An Experience Report.;99-102;4;ICST;
2014;Paul Wojciak,Rachel Tzoref-Brill;System Level Combinatorial Testing in Practice - The Concurrent Maintenance Case Study.;103-112;10;ICST;
2014;Kristian Wiklund,Daniel Sundmark,Sigrid Eldh,Kristina Lundqvist;Impediments for Automated Testing - An Empirical Analysis of a User Support Discussion Board.;113-122;10;ICST;
2014;Chris J. Hunt,Guy Brown,Gordon Fraser;Automatic Testing of Natural User Interfaces.;123-132;10;ICST;
2014;Marius Marin;A Data-Agnostic Approach to Automatic Testing of Multi-dimensional Databases.;133-142;10;ICST;
2014;Simon Varvaressos,Kim Lavoie,Alexandre Blondin Masse,Sebastien Gaboury,Sylvain Halle;Automated Bug Finding in Video Games: A Case Study for Runtime Monitoring.;143-152;10;ICST;
2014;Seokhyeon Moon,Yunho Kim,Moonzoo Kim,Shin Yoo;Ask the Mutants: Mutating Faulty Programs for Fault Localization.;153-162;10;ICST;
2014;Fitsum Meshesha Kifetew,Wei Jin,Roberto Tiella,Alessandro Orso,Paolo Tonella;Reproducing Field Failures for Programs with Complex Grammar-Based Input.;163-172;10;ICST;
2014;Sebastien Bardin,Nikolai Kosmatov,Francois Cheynier;Efficient Leveraging of Symbolic Execution to Advanced Coverage Criteria.;173-182;10;ICST;
2014;Razieh Nokhbeh Zaeem,Mukul R. Prasad,Sarfraz Khurshid;Automated Generation of Oracles for Testing User-Interaction Features of Mobile Apps.;183-192;10;ICST;
2014;Abdulbaki Aydin,Muath Alkhalaf,Tevfik Bultan;Automated Test Generation from Vulnerability Signatures.;193-202;10;ICST;
2014;Marcio Eduardo Delamaro,Lin Deng,Vinicius Humberto Serapilha Durelli,Nan Li,Jeff Offutt;Experimental Evaluation of SDL and One-Op Mutation for C.;203-212;10;ICST;
2014;Marie-Laure Potet,Laurent Mounier,Maxime Puys,Louis Dureuil;Lazart: A Symbolic Approach for Evaluation the Robustness of Secured Codes against Control Flow Injections.;213-222;10;ICST;
2014;Stephan Weissleder,Holger Schlingloff;An Evaluation of Model-Based Testing in Embedded Applications.;223-232;10;ICST;
2014;Boyang Li,Mark Grechanik,Denys Poshyvanyk;Sanitizing and Minimizing Databases for Software Application Test Outsourcing.;233-242;10;ICST;
2014;Alex Groce,Mohammad Amin Alipour,Chaoqiang Zhang,Yang Chen,John Regehr;Cause Reduction for Quick Testing.;243-252;10;ICST;
2014;Christian Schwarzl,Harald Brandl;Model Dependent Test Coverage Variabilities.;253-262;10;ICST;
2014;Yunho Kim,Zhihong Xu,Moonzoo Kim,Myra B. Cohen,Gregg Rothermel;Hybrid Directed Test Suite Augmentation: An Interleaving Framework.;263-272;10;ICST;
2014;Fatmah Yousef Assiri,James M. Bieman;An Assessment of the Quality of Automated Program Operator Repair.;273-282;10;ICST;
2014;Emelie Engstrom,Mika Mantyla,Per Runeson,Markus Borg;Supporting Regression Test Scoping with Visual Analytics.;283-292;10;ICST;
2014;Simon M. Poulding,Helene Waeselynck;Adding Contextual Guidance to the Automated Search for Probabilistic Test Profiles.;293-302;10;ICST;
2014;Hauke Baller,Sascha Lity,Malte Lochau,Ina Schaefer;Multi-objective Test Suite Optimization for Incremental Product Family Testing.;303-312;10;ICST;
2014;Tingting Yu,Witawas Srisa-an,Myra B. Cohen,Gregg Rothermel;SimLatte: A Framework to Support Testing for Worst-Case Interrupt Latencies in Embedded Software.;313-322;10;ICST;
2014;William Johansson,Martin Svensson,Ulf E. Larson,Magnus Almgren,Vincenzo Gulisano;T-Fuzz: Model-Based Fuzzing for Robustness Testing of Telecommunication Protocols.;323-332;10;ICST;
2014;Mark Hays,Jane Huffman Hayes,Arne C. Bathke;Validation of Software Testing Experiments: A Meta-Analysis of ICST 2013.;333-342;10;ICST;
2014;Robert Feldt;Do System Test Cases Grow Old?;343-352;10;ICST;
2014;Shaukat Ali Khan,Hadi Hemmati;Model-Based Testing of Video Conferencing Systems: Challenges, Lessons Learnt, and Results.;353-362;10;ICST;
2014;Nan Li,Jeff Offutt;An Empirical Analysis of Test Oracle Strategies for Model-Based Testing.;363-372;10;ICST;
2014;Przemyslaw Daca,Thomas A. Henzinger,Willibald Krenn,Dejan Nickovic;Compositional Specifications for ioco Testing.;373-382;10;ICST;
2013;Roberto Bagnara,Matthieu Carlier,Roberta Gori,Arnaud Gotlieb;Symbolic Path-Oriented Test Data Generation for Floating-Point Programs.;1-10;10;ICST;
2013;Mauro Pezze,Konstantin Rubinov,Jochen Wuttke;Generating Effective Integration Test Cases from Unit Ones.;11-20;10;ICST;
2013;Pablo Abad,Nazareno Aguirre,Valeria S. Bengolea,Daniel Ciolek,Marcelo F. Frias,Juan P. Galeotti,Tom Maibaum,Mariano M. Moscato,Nicolas Rosner,Ignacio Vissani;Improving Test Generation under Rich Contracts by Tight Bounds and Incremental SAT Solving.;21-30;10;ICST;
2013;Gregory M. Kapfhammer,Phil McMinn,Chris J. Wright;Search-Based Testing of Relational Schema Integrity Constraints Across Multiple Database Management Systems.;31-40;10;ICST;
2013;Florian Netter,Frank Gauterin,Bjorn Butterer;Real-Data Validation of Simulation Models in a Function-Based Modular Framework.;41-47;7;ICST;
2013;Jun Tang,Ruilong Huo,Jiali Yao,Shaosen Wu;Test Quality Measurement Using TBPP-R.;48-55;8;ICST;
2013;Emil Alegroth,Robert Feldt,Helena Holmstrom Olsson;Transitioning Manual System Test Suites to Automated Testing: An Industrial Case Study.;56-65;10;ICST;
2013;Gerardo Canfora,Francesco Mercaldo,Corrado Aaron Visaggio,Mauro D'Angelo,Antonio Furno,Carminantonio Manganelli;A Case Study of Automating User Experience-Oriented Performance Testing on Smartphones.;66-69;4;ICST;
2013;Nilam Kaushik,Mehdi Amoui,Ladan Tahvildari,Weining Liu,Shimin Li;Defect Prioritization in the Software Industry: Challenges and Opportunities.;70-73;4;ICST;
2013;Shabnam Mirshokraie,Ali Mesbah 0001,Karthik Pattabiraman;Efficient JavaScript Mutation Testing.;74-83;10;ICST;
2013;Lin Deng,Jeff Offutt,Nan Li;Empirical Evaluation of the Statement Deletion Mutation Operator.;84-93;10;ICST;
2013;Sunil Nair,Jose Luis de la Vara Gonzalez,Mehrdad Sabetzadeh,Lionel C. Briand;Classification, Structuring, and Assessment of Evidence for Safety - A Systematic Literature Review.;94-103;10;ICST;
2013;Yves Grasland,Lydie du Bousquet,Roland Groz,Ioannis Parissis;A Functional Testing Approach for Hybrid Safety Properties with Incomplete Information.;104-113;10;ICST;
2013;Jeremias Rossler,Andreas Zeller,Gordon Fraser,Cristian Zamfir,George Candea;Reconstructing Core Dumps.;114-123;10;ICST;
2013;Gang Shu,Boya Sun,Andy Podgurski,Feng Cao;MFL: Method-Level Fault Localization with Causal Inference.;124-133;10;ICST;
2013;Erik Hill,Daniel J. Tracy,Sheldon Brown;GrowthTracker: Diagnosing Unbounded Heap Growth in C++ Software.;134-143;10;ICST;
2013;Sebastian Steenbuck,Gordon Fraser;Generating Unit Tests for Concurrent Classes.;144-153;10;ICST;
2013;Maria Christakis,Alkis Gotovos,Konstantinos F. Sagonas;Systematic Testing for Detecting Concurrency Errors in Erlang Programs.;154-163;10;ICST;
2013;Yu Lin,Danny Dig;CHECK-THEN-ACT Misuse of Java Concurrent Collections.;164-173;10;ICST;
2013;Mark Grechanik,B. M. Mainul Hossain,Ugo A. Buy;Testing Database-Centric Applications for Causes of Database Deadlocks.;174-183;10;ICST;
2013;Anand Yeolekar,Divyesh Unadkat,Vivek Agarwal,Shrawan Kumar,R. Venkatesh;Scaling Model Checking for Test Generation Using Dynamic Inference.;184-191;8;ICST;
2013;Julien Botella,Fabrice Bouquet,Jean-Francois Capuron,Franck Lebeau,Bruno Legeard,Florence Schadle;Model-Based Testing of Cryptographic Components - Lessons Learned from Experience.;192-201;10;ICST;
2013;Anders Eriksson,Birgitta Lindstrom,Jeff Offutt;Transformation Rules for Platform Independent Testing: An Empirical Study.;202-211;10;ICST;
2013;Shaukat Ali Khan,Tao Yue,Lionel C. Briand;Assessing Quality and Effort of Applying Aspect State Machines for Robustness Testing: A Controlled Experiment.;212-221;10;ICST;
2013;Hernan Czemerinski,Victor A. Braberman,Sebastian Uchitel;Behaviour Abstraction Coverage as Black-Box Adequacy Criteria.;222-231;10;ICST;
2013;Shin Hong,Matthew Staats,Jaemin Ahn,Moonzoo Kim,Gregg Rothermel;The Impact of Concurrent Coverage Metrics on Testing Effectiveness.;232-241;10;ICST;
2013;Linbin Yu,Yu Lei,Mehra Nouroz Borazjany,Raghu Kacker,D. Richard Kuhn;An Efficient Algorithm for Constraint Handling in Combinatorial Test Generation.;242-251;10;ICST;
2013;Gerardo Canfora,Andrea De Lucia,Massimiliano Di Penta,Rocco Oliveto,Annibale Panichella,Sebastiano Panichella;Multi-objective Cross-Project Defect Prediction.;252-261;10;ICST;
2013;Gabriella Carrozza,Domenico Cotroneo,Roberto Natella,Roberto Pietrantuono,Stefano Russo;Analysis and Prediction of Mandelbugs in an Industrial Software System.;262-271;10;ICST;
2013;Marc Roper;Estimating Fault Numbers Remaining After Testing.;272-281;10;ICST;
2013;Chen Liu,Jinqiu Yang,Lin Tan,Munawar Hafiz;R2Fix: Automatically Generating Bug Fixes from Bug Reports.;282-291;10;ICST;
2013;Tingting Yu,Xiao Qu,Mithun Acharya,Gregg Rothermel;Oracle-based Regression Test Selection.;292-301;10;ICST;
2013;Daniel Di Nardo,Nadia Alshahwan,Lionel C. Briand,Yvan Labiche;Coverage-Based Test Case Prioritisation: An Industrial Case Study.;302-311;10;ICST;
2013;Md. Junaid Arafeen,Hyunsook Do;Test Case Prioritization Using Requirements-Based Clustering.;312-321;10;ICST;
2013;Michaela Greiler,Arie van Deursen,Margaret-Anne D. Storey;Automated Detection of Test Fixture Strategies and Smells.;322-331;10;ICST;
2013;Eelco Dolstra,Raynor Vliegendhart,Johan A. Pouwelse;Crowdsourcing GUI Tests.;332-341;10;ICST;
2013;Fabrizio Pastore,Leonardo Mariani,Gordon Fraser;CrowdOracles: Can the Crowd Solve the Oracle Problem?;342-351;10;ICST;
2013;Sheeva Afshan,Phil McMinn,Mark Stevenson;Evolving Readable String Test Inputs Using a Natural Language Model to Reduce Human Oracle Cost.;352-361;10;ICST;
2013;Gordon Fraser,Andrea Arcuri;EvoSuite: On the Challenges of Test Case Generation in the Real World.;362-369;8;ICST;
2013;Linbin Yu,Yu Lei,Raghu Kacker,D. Richard Kuhn;ACTS: A Combinatorial Test Generation Tool.;370-375;6;ICST;
2013;Andrea Calvagna,Angelo Gargantini,Paolo Vavassori;Combinatorial Interaction Testing with CITLAB.;376-382;7;ICST;
2013;Arne-Michael Torsel;A Testing Tool for Web Applications Using a Domain-Specific Modelling Language and the NuSMV Model Checker.;383-390;8;ICST;
2013;Bruno Legeard,Arnaud Bouzy;Smartesting CertifyIt: Model-Based Testing for Enterprise IT.;391-397;7;ICST;
2013;Philipp Luchscheider,Thomas Herpel,Reinhard German;CDM-Suite: An Attributed Test Selection Tool.;398-407;10;ICST;
2013;Gang Shu,Boya Sun,Tim A. D. Henderson,Andy Podgurski;JavaPDG: A New Platform for Program Dependence Analysis.;408-415;8;ICST;
2013;Fabrizio Pastore,Leonardo Mariani;AVA: Supporting Debugging with Failure Interpretations.;416-421;6;ICST;
2013;Kazunori Sakamoto,Kiyofumi Shimojo,Ryohei Takasawa,Hironori Washizaki,Yoshiaki Fukazawa;OCCF: A Framework for Developing Test Coverage Measurement Tools Supporting Multiple Programming Languages.;422-430;9;ICST;
2013;Frederic Dadeau,Kalou Cabrera Castillos,Yves Ledru,Taha Triki,German Vega,Julien Botella,Safouan Taha;Test Generation and Evaluation from High-Level Properties for Common Criteria Evaluations - The TASCCC Testing Tool.;431-438;8;ICST;
2013;Emil Alegroth,Michel Nass,Helena Holmstrom Olsson;JAutomate: A Tool for System- and Acceptance-test Automation.;439-446;8;ICST;
2013;Karl Meinke,Muddassar A. Sindhu;LBTest: A Learning-Based Testing Tool for Reactive Systems.;447-454;8;ICST;
2013;Luca Compagna,Pierre Guilleminot,Achim D. Brucker;Business Process Compliance via Security Validation as a Service.;455-462;8;ICST;
2013;Angelo Gargantini,Marco Guarnieri,Eros Magri;AURORA: AUtomatic RObustness coveRage Analysis Tool.;463-470;8;ICST;
2013;Abian Blome,Martin Ochoa,Keqin Li 0002,Michele Peroli,Muhammad Torabi Dashti;VERA: A Flexible Model-Based Vulnerability Testing Tool.;471-478;8;ICST;
2013;Noriaki Ichida,Takeshi Sumi,Hideto Ogasawara;A Method of Making Single Function Tests for Constituting Scenario Tests.;479-480;2;ICST;
2013;Miyoung Kang,Eun-Young Elaine Kang,Dae-Yon Hwang,Beom-Jin Kim,Ki-Hyuk Nam,Myung-Ki Shin,Jin-Young Choi;Formal Modeling and Verification of SDN-OpenFlow.;481-482;2;ICST;
2013;Seiya Urata,Tetsuro Katayama;Proposal of Testing Diagrams for Visualizing Test Cases.;483-484;2;ICST;
2013;Florin Craciun,Simona Motogna,Ioan Lazar;Towards Better Testing of fUML Models.;485-486;2;ICST;
2013;Maurizio Leotta,Diego Clerissi,Filippo Ricca,Cristiano Spadaro;Repairing Selenium Test Cases: An Industrial Case Study about Web Page Element Localization.;487-488;2;ICST;
2013;Morten Mossige,Arnaud Gotlieb,Hein Meling;Test Generation for Robotized Paint Systems Using Constraint Programming in a Continuous Integration Environment.;489-490;2;ICST;
2013;Seiji Munetoh,Nobukazu Yoshioka;RAILROADMAP: An Agile Security Testing Framework for Web-application Development.;491-492;2;ICST;
2013;Sheikh Umar Farooq,S. M. K. Quadri,Nesar Ahmad;A Controlled Experiment to Evaluate Effectiveness and Efficiency of Three Software Testing Methods.;493-494;2;ICST;
2013;Antonia Bertolino,Marianne Busch,Said Daoudagh,Nora Koch,Francesca Lonetti,Eda Marchetti;A Toolchain for Designing and Testing XACML Policies.;495-496;2;ICST;
2013;Luca Vigano 0001;The SPaCIoS Project: Secure Provision and Consumption in the Internet of Services.;497-498;2;ICST;
2013;Sebastian Bauersfeld;GUIdiff - A Regression Testing Tool for Graphical User Interfaces.;499-500;2;ICST;
2013;Matthias Buchler;Security Testing with Fault-Models and Properties.;501-502;2;ICST;
2013;Jean-Marie Gauthier;Test Generation for RTES from SysML Models: Context, Motivations and Research Proposal.;503-504;2;ICST;
2013;Alexandre Vernotte;Research Questions for Model-Based Vulnerability Testing of Web Applications.;505-506;2;ICST;
2013;Zachary P. Fry,Westley Weimer;Leveraging Light-Weight Analyses to Aid Software Maintenance.;507-508;2;ICST;
2013;Valeria Lelli;Challenges of Testing for Critical Interactive Systems.;509-510;2;ICST;
2013;Anca Deak;Understanding the Influence of Social and Technical Factors Testers in Software Organizations.;511-512;2;ICST;
2013;Francesco Mercaldo;Identification of Anomalies in Processes of Database Alteration.;513-514;2;ICST;
2012;Zoltan Ujhelyi,Akos Horvath,Daniel Varro;Dynamic Backward Slicing of Model Transformations.;1-10;10;Research Session 1:Handling Models;
2012;Milos Gligoric,Peter C. Mehlitz,Darko Marinov;"X10X: Model Checking a New Programming Language with an ""Old"" Model Checker.";11-20;10;Research Session 1:Handling Models;
2012;Paolo Tonella,Alessandro Marchetto,Duy Cu Nguyen,Yue Jia,Kiran Lakhotia,Mark Harman;Finding the Optimal Balance between Over and Under Approximation of Models Inferred from Execution Logs.;21-30;10;Research Session 1:Handling Models;
2012;Frolin S. Ocariza Jr.,Karthik Pattabiraman,Ali Mesbah 0001;AutoFLox: An Automatic Fault Localizer for Client-Side JavaScript.;31-40;10;Research Session 2:Fault Localization;
2012;Aritra Bandyopadhyay,Sudipto Ghosh;Tester Feedback Driven Fault Localization.;41-50;10;Research Session 2:Fault Localization;
2012;Sangmin Park,Richard W. Vuduc,Mary Jean Harrold;A Unified Approach for Localizing Non-deadlock Concurrency Bugs.;51-60;10;Research Session 2:Fault Localization;
2012;Chixiang Zhou,Phyllis G. Frankl;Empirical Studies on Test Effectiveness for Database Applications.;61-70;10;Research Session 3:Database and GUI Testing;
2012;Raquel Blanco,Javier Tuya,Ruben V. Seco;Test Adequacy Evaluation for the User-database Interaction: A Specification-Based Approach.;71-80;10;Research Session 3:Database and GUI Testing;
2012;Leonardo Mariani,Mauro Pezze,Oliviero Riganelli,Mauro Santoro;AutoBlackTest: Automatic Black-Box Testing of Interactive Applications.;81-90;10;Research Session 3:Database and GUI Testing;
2012;Junaid Haroon Siddiqui,Darko Marinov,Sarfraz Khurshid;Lightweight Data-Flow Analysis for Execution-Driven Constraint Solving.;91-100;10;Research Session 4:Constraint Solving;
2012;Tianhai Liu,Michael Nagel,Mana Taghdiri;Bounded Program Verification Using an SMT Solver: A Case Study.;101-110;10;Research Session 4:Constraint Solving;
2012;Mateus Borges,Marcelo d'Amorim,Saswat Anand,David H. Bushnell,Corina S. Pasareanu;Symbolic Execution with Interval Solving and Meta-heuristic Search.;111-120;10;Research Session 4:Constraint Solving;
2012;Gordon Fraser,Andrea Arcuri;The Seed is Strong: Seeding Strategies in Search-Based Software Testing.;121-130;10;Research Session 5:Search-Based Testing;
2012;Juan Jose Cadavid,Benoit Baudry,Houari A. Sahraoui;Searching the Boundaries of a Modeling Space to Test Metamodels.;131-140;10;Research Session 5:Search-Based Testing;
2012;Phil McMinn,Muzammil Shahbaz,Mark Stevenson;Search-Based Test Input Generation for String Data Types Using the Results of Web Queries.;141-150;10;Research Session 5:Search-Based Testing;
2012;Nadia Alshahwan,Mark Harman,Alessandro Marchetto,Roberto Tiella,Paolo Tonella;Crawlability Metrics for Web Applications.;151-160;10;Research Session 6:Web Applications;
2012;Sara Sprenkle,Camille Cobb,Lori L. Pollock;Leveraging User-Privilege Classification to Customize Usage-based Statistical Models of Web Applications.;161-170;10;Research Session 6:Web Applications;
2012;Shauvik Roy Choudhary,Mukul R. Prasad,Alessandro Orso;CrossCheck: Combining Crawling and Differencing to Better Detect Cross-browser Incompatibilities in Web Applications.;171-180;10;Research Session 6:Web Applications;
2012;Thomas R. Devine,Katerina Goseva-Popstojanova,Sandeep Krishnan,Robyn R. Lutz,J. Jenny Li;An Empirical Study of Pre-release Software Faults in an Industrial Product Line.;181-190;10;Research Session 7:Faults Studies;
2012;Nicholas DiGiuseppe,James A. Jones;Software Behavior and Failure Clustering: An Empirical Study of Fault Causality.;191-200;10;Research Session 7:Faults Studies;
2012;Manuel Oriol;Random Testing: Evaluation of a Law Describing the Number of Faults Found.;201-210;10;Research Session 7:Faults Studies;
2012;Muhammad Zubair Malik,Sarfraz Khurshid;Dynamic Shape Analysis Using Spectral Graph Properties.;211-220;10;Research Session 8:Test Evolution;
2012;Aaron Marback,Hyunsook Do,Nathan Ehresmann;An Effective Regression Testing Approach for PHP Web Applications.;221-230;10;Research Session 8:Test Evolution;
2012;Mehdi MirzaAghaei,Fabrizio Pastore,Mauro Pezze;Supporting Test Suite Evolution through Test Case Adaptation.;231-240;10;Research Session 8:Test Evolution;
2012;Dominik Franke,Stefan Kowalewski,Carsten Weise,Nath Prakobkosol;Testing Conformance of Life Cycle Dependent Properties of Mobile Applications.;241-250;10;Research Session 9:Domain-Specific Testing;
2012;Ling Fang,Takashi Kitamura,Thi Bich Ngoc Do,Hitoshi Ohsaki;Formal Model-Based Test for AUTOSAR Multicore RTOS.;251-259;9;Research Session 9:Domain-Specific Testing;
2012;Shin Hwei Tan,Darko Marinov,Lin Tan,Gary T. Leavens;@tComment: Testing Javadoc Comments to Detect Comment-Code Inconsistencies.;260-269;10;Research Session 9:Domain-Specific Testing;
2012;Michael Beyene,Jamie Andrews;Generating String Test Data for Code Coverage.;270-279;10;Research Session 10:White-Box Techniques;
2012;Nan Li,Fei Li,Jeff Offutt;Better Algorithms to Minimize the Cost of Test Paths.;280-289;10;Research Session 10:White-Box Techniques;
2012;Haitao Dan,Robert M. Hierons;Semantic Mutation Analysis of Floating-Point Comparison.;290-299;10;Research Session 10:White-Box Techniques;
2012;Gordon Fraser,Neil Walkinshaw;Behaviourally Adequate Software Testing.;300-309;10;Research Session 11:State-Based Testing;
2012;Alexandre Petrenko,Adenilso da Silva Simao,Nina Yevtushenko;Generating Checking Sequences for Nondeterministic Finite State Machines.;310-319;10;Research Session 11:State-Based Testing;
2012;Vilas Jagannath,Matt Kirn,Yu Lin,Darko Marinov;Evaluating Machine-Independent Metrics for State-Space Exploration.;320-329;10;Research Session 11:State-Based Testing;
2012;Natalia Juristo Juzgado,Sira Vegas,Martin Solari,Silvia Mara Abrahao,Isabel Ramos;Comparing the Effectiveness of Equivalence Partitioning, Branch Testing and Code Reading by Stepwise Abstraction Applied by Subjects.;330-339;10;Research Session 12:Empirical Studies;
2012;Moonzoo Kim,Yunho Kim,Gregg Rothermel;A Scalable Distributed Concolic Testing Approach: An Empirical Evaluation.;340-349;10;Research Session 12:Empirical Studies;
2012;Emil Borjesson,Robert Feldt;Automated System Testing Using Visual GUI Testing Tools: A Comparative Study in Industry.;350-359;10;Research Session 12:Empirical Studies;
2012;Boya Sun,Gang Shu,Andy Podgurski,Soumya Ray;CARIAL: Cost-Aware Software Reliability Improvement with Active Learning.;360-369;10;Research Session 13:Failure Analysis;
2012;Laleh Shikh Gholamhossein Ghandehari,Yu Lei,Tao Xie,D. Richard Kuhn,Raghu Kacker;Identifying Failure-Inducing Combinations in a Combinatorial Test Set.;370-379;10;Research Session 13:Failure Analysis;
2012;Fang Deng,James A. Jones;Weighted System Dependence Graph.;380-389;10;Research Session 13:Failure Analysis;
2012;Moonzoo Kim,Yunho Kim,Yoonkyu Jang;Industrial Application of Concolic Testing on Embedded Software: Case Studies.;390-399;10;Industrial Session 1:Case Studies;
2012;Shahnewaz A. Jolly,Vahid Garousi,Matt M. Eskandar;Automated Unit Testing of a SCADA Control Software: An Industrial Case Study Based on Action Research.;400-409;10;Industrial Session 1:Case Studies;
2012;Shahed Zaman,Bram Adams,Ahmed E. Hassan;A Large Scale Empirical Study on User-Centric Performance Analysis.;410-419;10;Industrial Session 1:Case Studies;
2012;Jan Friso Groote,Ammar Osaiweran,Jacco H. Wesselius;Analyzing a Controller of a Power Distribution Unit Using Formal Methods.;420-428;9;Industrial Session 2:Analysis and Validation;
2012;Raghudeep Kannavara;Securing Opensource Code via Static Analysis.;429-436;8;Industrial Session 2:Analysis and Validation;
2012;Leif Jonsson,David Broman,Kristian Sandahl,Sigrid Eldh;Towards Automated Anomaly Report Assignment in Large Complex Systems Using Stacked Generalization.;437-446;10;Industrial Session 2:Analysis and Validation;
2012;Roberto Silveira Silva Filho,Christof J. Budnik;An Integrated Model-Driven Approach for Mechatronic Systems Testing.;447-456;10;Industrial Session 3:Test Automation;
2012;Michael Wahler,Ettore Ferranti,Robin Steiger,Rahul Jain 0007,Kristian Nagy;CAST: Automating Software Tests for Embedded Systems.;457-466;10;Industrial Session 3:Test Automation;
2012;Jin Chen,Mengxiang Lin,Kai Yu,Bing Shao;When a GUI Regression Test Failed, What Should be Blamed?;467-470;4;Industrial Session 3:Test Automation;
2012;Nan Li;A Smart Structured Test Automation Language (SSTAL).;471-474;4;Ph.D. Symposium;
2012;Emil Borjesson;Industrial Applicability of Visual GUI Testing for System and Acceptance Test Automation.;475-478;4;Ph.D. Symposium;
2012;Aritra Bandyopadhyay;Mitigating the Effect of Coincidental Correctness in Spectrum Based Fault Localization.;479-482;4;Ph.D. Symposium;
2012;Christoph Malz,Nasser Jazdi,Peter Gohner;Prioritization of Test Cases Using Software Agents and Fuzzy Logic.;483-486;4;Ph.D. Symposium;
2012;Kai Yu,Mengxiang Lin;Towards Practical Debugging for Regression Faults.;487-490;4;Ph.D. Symposium;
2012;Thanh H. D. Nguyen;Using Control Charts for Detecting and Understanding Performance Regressions in Large Software.;491-494;4;Ph.D. Symposium;
2012;Upsorn Praphamontripong;Web Mutation Testing.;495-498;4;Ph.D. Symposium;
2012;Jerome Calvar,Raphael Tremblay-Lessard,Sylvain Halle;A Runtime Monitoring Framework for Event Streams with Non-primitive Arguments.;499-508;10;Session 1:From Models to Runtime Execution;
2012;Ivan Enderlin,Frederic Dadeau,Alain Giorgetti,Fabrice Bouquet;Grammar-Based Testing Using Realistic Domains in PHP.;509-518;10;Session 1:From Models to Runtime Execution;
2012;Marcus Mews,Jaroslav Svacina,Stephan Weissleder;From AUTOSAR Models to Co-simulation for MiL-Testing in the Automotive Domain.;519-528;10;Session 2:Industrial Challenges;
2012;Rafik Kheddam,Oum-El-Kheir Aktouf,Ioannis Parissis;An Extended LLRP Model for RFID System Test and Diagnosis.;529-538;10;Session 2:Industrial Challenges;
2012;Peter M. Kruse,Joachim Wegener;Test Sequence Generation from Classification Trees.;539-548;10;Session 3:Test Case Generation;
2012;Andre Takeshi Endo,Adenilso da Silva Simao;Experimental Comparison of Test Case Generation Methods for Finite State Machines.;549-558;10;Session 3:Test Case Generation;
2012;Angelo Gargantini,Paolo Vavassori;CITLAB: A Laboratory for Combinatorial Interaction Testing.;559-568;10;Session 1:CT Environments and Tools;
2012;Rudolf Ramler,Theodorich Kopetzky,Wolfgang Platz;Combinatorial Test Design in the TOSCA Testsuite: Lessons Learned and Practical Implications.;569-572;4;Session 1:CT Environments and Tools;
2012;Itai Segall,Rachel Tzoref-Brill,Aviad Zlotnick;Simplified Modeling of Combinatorial Test Spaces.;573-579;7;Session 1:CT Environments and Tools;
2012;William Alton Ballance,Sergiy Vilkomir,William Jenkins;Effectiveness of Pair-Wise Testing for Software with Boolean Inputs.;580-586;7;Session 2:Experience Reports I;
2012;Zhiqiang Zhang,Xiaojian Liu,Jian Zhang 0001;Combinatorial Testing on ID3v2 Tags of MP3 Files.;587-590;4;Session 2:Experience Reports I;
2012;Mehra N. Borazjany,Linbin Yu,Yu Lei,Raghu Kacker,Rick Kuhn;Combinatorial Testing of ACTS: A Case Study.;591-600;10;Session 2:Experience Reports I;
2012;D. Richard Kuhn,James M. Higdon,James Lawrence,Raghu Kacker,Yu Lei;Combinatorial Methods for Event Sequence Testing.;601-609;9;Session 3:CT Test Generation and Fault Localization;
2012;Elke Salecker,Sabine Glesner;Combinatorial Interaction Testing for Test Selection in Grammar-Based Testing.;610-619;10;Session 3:CT Test Generation and Fault Localization;
2012;Kiran Shakya,Tao Xie,Nuo Li,Yu Lei,Raghu Kacker,D. Richard Kuhn;Isolating Failure-Inducing Combinations in Combinatorial Testing Using Test Augmentation and Classification.;620-623;4;Session 3:CT Test Generation and Fault Localization;
2012;Itai Segall,Rachel Tzoref-Brill,Aviad Zlotnick;Common Patterns in Combinatorial Models.;624-629;6;Session 4:Experience Reports II;
2012;Atlee M. Cunningham Jr.,Jon D. Hagar,Ryan J. Holman;A System Analysis Study Comparing Reverse Engineered Combinatorial Testing to Expert Judgment.;630-635;6;Session 4:Experience Reports II;
2012;Ahmad Mizan,Greg Franks;Automated Performance Model Construction through Event Log Analysis.;636-641;6;The First International Workshop on Load Testing of Large Software Systems (LT 2012);
2012;Jorge Augusto Meira,Eduardo Cunha de Almeida,Yves Le Traon,Gerson Sunye;Peer-to-Peer Load Testing.;642-647;6;The First International Workshop on Load Testing of Large Software Systems (LT 2012);
2012;Raoufehsadat Hashemian,Diwakar Krishnamurthy,Martin F. Arlitt;Overcoming Web Server Benchmarking Challenges in the Multi-core Era.;648-653;6;The First International Workshop on Load Testing of Large Software Systems (LT 2012);
2012;Haitao Dan,Robert M. Hierons;SMT-C: A Semantic Mutation Testing Tools for C.;654-663;10;Seventh International Workshop on Mutation Analysis (Mutation 2012);
2012;Pedro Reales Mateo,Macario Polo Usaola;Mutant Execution Cost Reduction: Through MUSIC (Mutant Schema Improved with Extra Code).;664-672;9;Seventh International Workshop on Mutation Analysis (Mutation 2012);
2012;Yehia Elrakaiby,Tejeddine Mouelhi,Yves Le Traon;Testing Obligation Policy Enforcement Using Mutation Analysis.;673-680;8;Seventh International Workshop on Mutation Analysis (Mutation 2012);
2012;Vinicius H. S. Durelli,Jeff Offutt,Marcio Eduardo Delamaro;Toward Harnessing High-Level Language Virtual Machines for Further Speeding Up Weak Mutation Testing.;681-690;10;Seventh International Workshop on Mutation Analysis (Mutation 2012);
2012;Mike Papadakis,Yves Le Traon;"Using Mutants to Locate ""Unknown"" Faults.";691-700;10;Seventh International Workshop on Mutation Analysis (Mutation 2012);
2012;Marinos Kintis,Mike Papadakis,Nikolaos Malevris;Isolating First Order Equivalent Mutants via Second Order Mutation.;701-710;10;Seventh International Workshop on Mutation Analysis (Mutation 2012);
2012;Matthew Patrick,Manuel Oriol,John Andrew Clark;MESSI: Mutant Evaluation by Static Semantic Interpretation.;711-719;9;Seventh International Workshop on Mutation Analysis (Mutation 2012);
2012;Rene Just,Gregory M. Kapfhammer,Franz Schweiggert;Do Redundant Mutants Affect the Effectiveness and Efficiency of Mutation Analysis?;720-725;6;Seventh International Workshop on Mutation Analysis (Mutation 2012);
2012;Deepak Garg 0003,Amitava Datta;Test Case Prioritization Due to Database Changes in Web Applications.;726-730;5;Session 1:Approaches and Applications;
2012;Philipp Caliebe,Thomas Herpel,Reinhard German;Dependency-Based Test Case Selection and Prioritization in Embedded Systems.;731-735;5;Session 1:Approaches and Applications;
2012;Bo Guo,Mahadevan Subramaniam,Parvathi Chundi;Analysis of Test Clusters for Regression Testing.;736;1;Session 1:Approaches and Applications;
2012;Wes Masri,Rawad Abou Assi,Fadi A. Zaraket,Nour Fatairi;Enhancing Fault Localization via Multivariate Visualization.;737-741;5;Session 2:Visualizations and Viewpoints;
2012;Per Runeson,Emelie Engstrom;Software Product Line Testing - A 3D Regression Testing Problem.;742-746;5;Session 2:Visualizations and Viewpoints;
2012;Fadi A. Zaraket,Wes Masri,Marc Adam,Dalal Hammoud,Raghd Hamzeh,Raja Farhat,Elie Khamissi,Joseph Noujaim;GUICOP: Specification-Based GUI Testing.;747-751;5;Session 2:Visualizations and Viewpoints;
2012;Bernhard K. Aichernig,Elisabeth Jobstl;Towards Symbolic Model-Based Mutation Testing: Pitfalls in Expressing Semantics as Constraints.;752-757;6;Papers;
2012;Peter M. Kruse,Jurgen Bauer,Joachim Wegener;Numerical Constraints for Combinatorial Interaction Testing.;758-763;6;Papers;
2012;Stefano Di Alesio,Arnaud Gotlieb,Shiva Nejati,Lionel C. Briand;Testing Deadline Misses for Real-Time Systems Using Constraint Optimization Techniques.;764-769;6;Papers;
2012;Franz Wotawa;Open Research Challenges of Localizing Faults in Programs Using Constraints.;770-771;2;Fast Abstracts;
2012;Corina S. Pasareanu,Daniel Balasubramanian;Statechart Analysis with Symbolic PathFinder.;772;1;Fast Abstracts;
2012;Arnaud Gotlieb,Aymeric Hervieu,Benoit Baudry;Minimum Pairwise Coverage Using Constraint Programming Techniques.;773-774;2;Fast Abstracts;
2012;Olivier Ponsini,Claude Michel,Michel Rueher;Combining Constraint Programming and Abstract Interpretation for Value Analysis of Floating-point Programs.;775-776;2;Fast Abstracts;
2012;Yury Pavlov,Gordon Fraser;Semi-automatic Search-Based Test Generation.;777-784;8;Fifth International Workshop on Search-Based Software Testing (SBST 2012);
2012;Linda Di Geronimo,Filomena Ferrucci,Alfonso Murolo,Federica Sarro;A Parallel Genetic Algorithm Based on Hadoop MapReduce for the Automatic Generation of JUnit Test Suites.;785-793;9;Fifth International Workshop on Search-Based Software Testing (SBST 2012);
2012;Matthias Woehrle;Search-Based Stress Testing of Wireless Network Protocol Stacks.;794-803;10;Fifth International Workshop on Search-Based Software Testing (SBST 2012);
2012;Romain Delamare,Nicholas A. Kraft;A Genetic Algorithm for Computing Class Integration Test Orders for Aspect-Oriented Systems.;804-813;10;Fifth International Workshop on Search-Based Software Testing (SBST 2012);
2012;Ina Schieferdecker;Model-Based Fuzz Testing.;814;1;Session 1;
2012;Fabien Duchene,Roland Groz,Sanjay Rawat,Jean-Luc Richier;XSS Vulnerability Detection Using Model Inference Assisted Evolutionary Fuzzing.;815-817;3;Session 1;
2012;Sofia Bekrar,Chaouki Bekrar,Roland Groz,Laurent Mounier;A Taint Based Approach for Smart Fuzzing.;818-825;8;Session 1;
2012;Frederic Massicotte,Mathieu Couture,Hugues Normandin,Frederic Michaud;A Testing Model for Dynamic Malware Analysis Systems.;826-833;8;Session 2;
2012;Federica Paci,Fabio Massacci,Fabrice Bouquet,Stephane Debricon;Managing Evolution by Orchestrating Requirements and Testing Engineering Processes.;834-841;8;Session 2;
2012;Antonia Bertolino,Said Daoudagh,Francesca Lonetti,Eda Marchetti;Automatic XACML Requests Generation for Policy Testing.;842-849;8;Session 3;
2012;Suryakant Choudhary,Mustafa Emre Dincturk,Gregor von Bochmann,Guy-Vincent Jourdan,Iosif-Viorel Onut,Paul Ionescu;Solving Some Modeling Challenges when Testing Rich Internet Applications for Security.;850-857;8;Session 3;
2012;Matthias Buchler,Johan Oudinet,Alexander Pretschner;SPaCiTE - Web Application Testing Engine.;858-859;2;Session 4;
2012;Bachar Wehbi,Edgardo Montes de Oca,Michel Bourdelles;Events-Based Security Monitoring Using MMT Tool.;860-863;4;Session 4;
2012;Gerhard de Koning Gans,Joeri de Ruiter;The SmartLogic Tool: Analysing and Testing Smart Card Protocols.;864-871;8;Session 4;
2012;Per Runeson;It Takes Two to Tango - An Experience Report on Industry - Academia Collaboration.;872-877;6;Experiences;
2012;William Shelton,Nan Li,Paul Ammann,Jeff Offutt;Adding Criteria-Based Tests to Test Driven Development.;878-886;9;Experiences;
2012;Kristian Wiklund,Sigrid Eldh,Daniel Sundmark,Kristina Lundqvist;Technical Debt in Test Automation.;887-892;6;Experiences;
2012;Oscar Soria Dustmann,Raimondas Sasnauskas,Klaus Wehrle;Symbolic System Time in Distributed Systems Testing.;893-894;2;Testing Distributed Systems;
2012;Sigrid Eldh,Daniel Sundmark;Robustness Testing of Mobile Telecommunication Systems: A Case Study on Industrial Practice and Challenges.;895-900;6;Testing Distributed Systems;
2012;Jacek Chrzaszcz,Patryk Czarnik,Aleksy Schubert,Andrzej Tarlecki;Testing of Evolving Protocols.;901-906;6;Testing Distributed Systems;
2012;Jonathan Miller Kauffman,Gregory M. Kapfhammer;A Framework to Support Research in and Encourage Industrial Adoption of Regression Testing Techniques.;907-908;2;Code Analysis, Test Case Generation, Regression;
2012;Pavan Kumar Chittimalli,Vipul Shah;GEMS: A Generic Model Based Source Code Instrumentation Framework.;909-914;6;Code Analysis, Test Case Generation, Regression;
2012;Kostyantyn Vorobyov,Padmanabhan Krishnan;Combining Static Analysis and Constraint Solving for Automatic Test Case Generation.;915-920;6;Code Analysis, Test Case Generation, Regression;
2012;Moussa Amrani,Levi Lucio,Gehan M. K. Selim,Benoit Combemale,Jurgen Dingel,Hans Vangheluwe,Yves Le Traon,James R. Cordy;A Tridimensional Approach for Studying the Formal Verification of Model Transformations.;921-928;8;ICST Workshop on Verification and Validation of Model Transformations (VOLT 2012);
2012;Eugene Syriani,Jeffrey G. Gray;Challenges for Addressing Quality Factors in Model Transformation.;929-937;9;ICST Workshop on Verification and Validation of Model Transformations (VOLT 2012);
2012;Rick Salay,Marsha Chechik,Jan Gorzny;Towards a Methodology for Verifying Partial Model Refinements.;938-945;8;ICST Workshop on Verification and Validation of Model Transformations (VOLT 2012);
2012;Hanh Nhi Tran,Christian Percebois;Towards a Rule-Level Verification Framework for Property-Preserving Graph Transformations.;946-953;8;ICST Workshop on Verification and Validation of Model Transformations (VOLT 2012);
2012;Tamas Meszaros,Tihamer Levendovszky;Verified Operational Patterns with Graph Transformation.;954-961;8;ICST Workshop on Verification and Validation of Model Transformations (VOLT 2012);
2012;Eric James Rapos,Jurgen Dingel;Incremental Test Case Generation for UML-RT Models Using Symbolic Execution.;962-963;2;Posters;
2012;Gregory M. Kapfhammer;Towards a Method for Reducing the Test Suites of Database Applications.;964-965;2;Posters;
2012;Antinisca Di Marco,Francesca Lonetti,Guglielmo De Angelis;Property-Driven Software Engineering Approach.;966-967;2;Posters;
2011;Songyu Chen,Zhenyu Chen,Zhihong Zhao,Baowen Xu,Yang Feng;Using semi-supervised clustering to improve regression test selection techniques.;1-10;10;Research Track Papers;
2011;Raul A. Santelices,Mary Jean Harrold;Applying aggressive propagation-based strategies for testing changes.;11-20;10;Research Track Papers;
2011;Agastya Nanda,Senthil Mani,Saurabh Sinha,Mary Jean Harrold,Alessandro Orso;Regression testing in the presence of non-code changes.;21-30;10;Research Track Papers;
2011;Colin Atkinson,Florian Barth,Oliver Hummel,Marcus Schumacher;Towards a Language and Framework for Penurious Testing.;31-39;9;Research Track Papers;
2011;Waldemar Hummer,Orna Raz,Onn Shehory,Philipp Leitner,Schahram Dustdar;Test Coverage of Data-Centric Dynamic Compositions in Service-Based Systems.;40-49;10;Research Track Papers;
2011;Shadi Abdul Khalek,Sarfraz Khurshid;Systematic Testing of Database Engines Using a Relational Constraint Solver.;50-59;10;Research Track Papers;
2011;Pierre-Cyrille Heam,Cyril Nicaud;Seed: An Easy-to-Use Random Generator of Recursive Data Structures for Testing.;60-69;10;Research Track Papers;
2011;Sigrid Eldh,Hans Hansson,Sasikumar Punnekkat;Analysis of Mistakes as a Method to Improve Test Case Design.;70-79;10;Research Track Papers;
2011;Gordon Fraser,Andreas Zeller;Exploiting Common Object Usage in Test Case Generation.;80-89;10;Research Track Papers;
2011;David Schuler,Andreas Zeller;Assessing Oracle Quality with Checked Coverage.;90-99;10;Research Track Papers;
2011;Tingting Yu,Ahyoung Sung,Witawas Srisa-an,Gregg Rothermel;Using Property-Based Oracles when Testing Embedded System Applications.;100-109;10;Research Track Papers;
2011;Kavir Shrestha,Matthew J. Rutherford;An Empirical Evaluation of Assertions as Oracles.;110-119;10;Research Track Papers;
2011;Bernhard K. Aichernig,Harald Brandl,Elisabeth Jobstl,Willibald Krenn;Efficient Mutation Killers in Action.;120-129;10;Research Track Papers;
2011;Kirill Bogdanov;Test Generation for X-machines with Non-terminal States and Priorities of Operations.;130-139;10;Research Track Papers;
2011;Ajay Chander,Dinakar Dhurjati,Koushik Sen,Dachuan Yu;Optimal Test Input Sequence Generation for Finite State Models and Pushdown Systems.;140-149;10;Research Track Papers;
2011;Gordon Fraser,Andrea Arcuri;It is Not the Length That Matters, It is How You Control It.;150-159;10;Research Track Papers;
2011;Daniele Romano,Massimiliano Di Penta,Giuliano Antoniol;An Approach for Search Based Testing of Null Pointer Exceptions.;160-169;10;Research Track Papers;
2011;Joachim Hansel,Daniela Rose,Paula Herber,Sabine Glesner;An Evolutionary Algorithm for the Generation of Timed Test Traces for Embedded Real-Time Systems.;170-179;10;Research Track Papers;
2011;Vladimir V. Rubanov,Eugene A. Shatokhin;Runtime Verification of Linux Kernel Modules Based on Call Interception.;180-189;10;Research Track Papers;
2011;Muhammad Zubair Malik,Junaid Haroon Siddiqui,Sarfraz Khurshid;Constraint-Based Program Debugging Using Data Structure Repair.;190-199;10;Research Track Papers;
2011;Petar Tsankov,Wei Jin,Alessandro Orso,Saurabh Sinha;Execution Hijacking: Improving Dynamic Analysis by Flying off Course.;200-209;10;Research Track Papers;
2011;Tejeddine Mouelhi,Yves Le Traon,Erwan Abgrall,Benoit Baudry,Sylvain Gombault;Tailored Shielding and Bypass Testing of Web Applications.;210-219;10;Research Track Papers;
2011;Ben H. Smith,Laurie A. Williams;Using SQL Hotspots in a Prioritization Heuristic for Detecting All Types of Web Application Vulnerabilities.;220-229;10;Research Track Papers;
2011;Sara Sprenkle,Lori L. Pollock,Lucy Simko;A Study of Usage-Based Navigation Models and Generated Abstract Test Cases for Web Applications.;230-239;10;Research Track Papers;
2011;Frederic Dadeau,Pierre-Cyrille Heam,Rafik Kheddam;Mutation-Based Test Generation from Security Protocols in HLPSL.;240-248;9;Research Track Papers;
2011;Fevzi Belli,Mutlu Beyazit,Tomohiko Takagi,Zengo Furukawa;"Mutation Testing of ""Go-Back"" Functions Based on Pushdown Automata.";249-258;10;Research Track Papers;
2011;Chixiang Zhou,Phyllis G. Frankl;Inferential Checking for Mutants Modifying Database States.;259-268;10;Research Track Papers;
2011;Ahmad A. Saifan,Jurgen Dingel,Jeremy S. Bradbury,Ernesto Posse;Implementing and Evaluating a Runtime Conformance Checker for Mobile Agent Systems.;269-278;10;Research Track Papers;
2011;Haitao Dan,Robert M. Hierons;Conformance Testing from Message Sequence Charts.;279-288;10;Research Track Papers;
2011;Dominic Letarte,Francois Gauthier,Ettore Merlo;Security Model Evolution of PHP Web Applications.;289-298;10;Research Track Papers;
2011;Haihao Shen,Jianhong Fang,Jianjun Zhao;EFindBugs: Effective Error Ranking for FindBugs.;299-308;10;Research Track Papers;
2011;Zhi Da Luo,Raja Das,Yao Qi;Multicore SDK: A Practical and Efficient Deadlock Detector for Real-World Applications.;309-318;10;Research Track Papers;
2011;Nadjib Lazaar,Arnaud Gotlieb,Yahia Lebbah;A Framework for the Automatic Correction of Constraint Programs.;319-326;8;Research Track Papers;
2011;Hadi Hemmati,Andrea Arcuri,Lionel C. Briand;Empirical Investigation of the Effects of Test Suite Properties on Similarity-Based Test Case Selection.;327-336;10;Research Track Papers;
2011;Adnan Causevic,Daniel Sundmark,Sasikumar Punnekkat;Factors Limiting Industrial Adoption of Test Driven Development: A Systematic Review.;337-346;10;Research Track Papers;
2011;Thomas Zimmermann 0001,Nachiappan Nagappan,Kim Sebastian Herzig,Rahul Premraj,Laurie A. Williams;An Empirical Study on the Relation between Dependency Neighborhoods and Failures.;347-356;10;Industry Track Papers;
2011;Jacek Czerwonka,Rajiv Das,Nachiappan Nagappan,Alexander Tarvo,Alex Teterev;CRANE: Failure Prediction, Change Analysis and Test Prioritization in Practice - Experiences from Windows.;357-366;10;Industry Track Papers;
2011;Emelie Engstrom,Per Runeson,Andreas Ljung;Improving Regression Testing Transparency and Efficiency with History-Based Prioritization - An Industrial Case Study.;367-376;10;Industry Track Papers;
2011;Tommi Takala,Mika Katara,Julian Harty;Experiences of System-Level Model-Based GUI Testing of an Android Application.;377-386;10;Industry Track Papers;
2011;Daniel Keating,Allan McInnes,Michael P. Hayes;Model Checking a TTCAN Implementation.;387-396;10;Industry Track Papers;
2011;Kyungmin Go,Sungwon Kang,Myungchul Kim,Jihyun Lee;A Systematic Test Case Generation Approach for Testing Message Length Variability.;397-406;10;Industry Track Papers;
2011;Jian Sun;Why are Bug Reports Invalid?;407-410;4;Industry Track Papers;
2011;Philipp Zech;Risk-Based Security Testing in Cloud Computing Environments.;411-414;4;PhD Symposium Track Papers;
2011;Pedro Luis Mateo Navarro,Gregorio Martinez Perez,Diego Sevilla Ruiz;Towards Software Quality and User Satisfaction through User Interfaces.;415-418;4;PhD Symposium Track Papers;
2011;Yves Grasland;Testing Resource Usage in Home Automation Systems.;419-422;4;PhD Symposium Track Papers;
2011;Simona Nica;On the Improvement of the Mutation Score Using Distinguishing Test Cases.;423-426;4;PhD Symposium Track Papers;
2011;Sofia Bekrar,Chaouki Bekrar,Roland Groz,Laurent Mounier;Finding Software Vulnerabilities by Smart Fuzzing.;427-430;4;PhD Symposium Track Papers;
2011;Dominik Franke,Carsten Weise;Providing a Software Quality Framework for Testing of Mobile Applications.;431-434;4;PhD Symposium Track Papers;
2011;Neelesh Bhattacharya;SoftwareHardware Hybrid Systems Verification.;435-438;4;PhD Symposium Track Papers;
2011;Alberto Gonzalez-Sanchez;Cost Optimizations in Runtime Testing and Diagnosis of Systems of Systems.;439-442;4;PhD Symposium Track Papers;
2011;Ruben Casado,Javier Tuya,Muhammad Younas;A Framework to Test Advanced Web Services Transactions.;443-446;4;PhD Symposium Track Papers;
2010;Odile Laurent;Using Formal Methods and Testability Concepts in the Avionics Systems Validation and Verification (V&V) Process.;1-10;10;Keynote Speakers;
2010;Patrick Copeland;Google's Innovation Factory: Testing, Culture, and Infrastructure.;11-14;4;Keynote Speakers;
2010;Mark Asztalos,Laszlo Lengyel,Tihamer Levendovszky;Towards Automated, Formal Verification of Model Transformations.;15-24;10;Model Based Testing 1;
2010;Henri Heiskanen,Antti Jaaskelainen,Mika Katara;Debug Support for Model-Based GUI Testing.;25-34;10;Model Based Testing 1;
2010;Sergio Segura,Robert M. Hierons,David Felipe Benavides Cuevas,Antonio Ruiz Cortes;Automated Test Data Generation on the Analyses of Feature Models: A Metamorphic Testing Approach.;35-44;10;Model Based Testing 1;
2010;David Schuler,Andreas Zeller;(Un-)Covering Equivalent Mutants.;45-54;10;Mutation Testing;
2010;Milos Gligoric,Vilas Jagannath,Darko Marinov;MuTMuT: Efficient Exploration for Mutation Testing of Multithreaded Code.;55-64;10;Mutation Testing;
2010;Vidroha Debroy,W. Eric Wong;Using Mutation to Automatically Suggest Fixes for Faulty Programs.;65-74;10;Mutation Testing;
2010;Emelie Engstrom,Per Runeson,Greger Wikstrand;An Empirical Evaluation of Regression Testing Based on Fix-Cache Recommendations.;75-78;4;Regression Testing 1;
2010;Panduka Nagahawatte,Hyunsook Do;The Effectiveness of Regression Testing Techniques in Reducing the Occurrence of Residual Defects.;79-88;10;Regression Testing 1;
2010;Leila Naslavsky,Hadar Ziv,Debra J. Richardson;MbSRT2: Model-Based Selective Regression Testing with Traceability.;89-98;10;Regression Testing 1;
2010;Abderrahmane Feliachi,Helene Le Guen;Generating Transition Probabilities for Automatic Model-Based Test Generation.;99-102;4;Model Based Testing 2;
2010;Daniele Grasso,Alessandro Fantechi,Alessio Ferrari,Carlo Becheri,Stefano Bacherini;Model Based Testing and Abstract Interpretation in the Railway Signaling Context.;103-106;4;Model Based Testing 2;
2010;Ivan Porres,Irum Rauf;From Nondeterministic UML Protocol Statemachines to Class Contracts.;107-116;10;UML Modeling and Testing;
2010;Stephan Weissleder;Simulated Satisfaction of Coverage Criteria on UML State Machines.;117-126;10;UML Modeling and Testing;
2010;Danny Roest,Ali Mesbah 0001,Arie van Deursen;Regression Testing Ajax Applications: Coping with Dynamism.;127-136;10;Regression Testing 2;
2010;Wei Jin,Alessandro Orso,Tao Xie;Automated Behavioral Regression Testing.;137-146;10;Regression Testing 2;
2010;Shali Yan,Zhenyu Chen,Zhihong Zhao,Chen Zhang,Yuming Zhou;A Dynamic Test Cluster Sampling Strategy by Leveraging Execution Spectra Information.;147-154;8;Test Assessment 1;
2010;Avik Sinha,Stanley M. Sutton Jr.,Amit M. Paradkar;Text2Test: Automated Inspection of Natural Language Use Cases.;155-164;10;Test Assessment 1;
2010;Wes Masri,Rawad Abou Assi;Cleansing Test Suites from Coincidental Correctness to Enhance Fault-Localization.;165-174;10;Test Assessment 1;
2010;Tanja E. J. Vos,Arthur I. Baars,Felix F. Lindlar,Peter M. Kruse,Andreas Windisch,Joachim Wegener;Industrial Scaled Automated Structural Testing with the Evolutionary Testing Tool.;175-184;10;Test Process and Tools 1;
2010;Luciano Baresi,Pier Luca Lanzi,Matteo Miraz;TestFul: An Evolutionary Test Approach for Java.;185-194;10;Test Process and Tools 1;
2010;Minh Duc Nguyen,Helene Waeselynck,Nicolas Riviere;GraphSeq: A Graph Matching Tool for the Extraction of Mobility Patterns.;195-204;10;Test Process and Tools 1;
2010;Andrea Arcuri;It Does Matter How You Normalise the Branch Distance in Search Based Software Testing.;205-214;10;Test and Validation 1;
2010;Mickael Delahaye,Bernard Botella,Arnaud Gotlieb;Explanation-Based Generalization of Infeasible Path.;215-224;10;Test and Validation 1;
2010;Robert Feldt,Richard Torkar,Ehsan Ahmad,Bilal Raza;Challenges with Software Verification and Validation Activities in the Space Industry.;225-234;10;Test and Validation 1;
2010;Cristiano Bertolini,Alexandre Mota,Eduardo Aranha,Cristiano Ferraz;GUI Testing Techniques Evaluation by Designed Experiments.;235-244;10;GUI Testing;
2010;Si Huang,Myra B. Cohen,Atif M. Memon;Repairing GUI Test Suites Using a Genetic Algorithm.;245-254;10;GUI Testing;
2010;Daniel Sinnig,Ferhat Khendek,Patrice Chalin;A Formal Model for Generating Integrated Functional and User Interface Test Cases.;255-264;10;GUI Testing;
2010;Dianxiang Xu,Junhua Ding;Prioritizing State-Based Aspect Tests.;265-274;10;Test Assessment 2;
2010;Daniel Guerreiro e Silva,Mario Jino,Bruno Teixeira de Abreu;Machine Learning Methods and Asymmetric Cost Function to Estimate Execution Effort of Software Testing.;275-284;10;Test Assessment 2;
2010;Raza Abbas Syed,Brian P. Robinson,Laurie A. Williams;Does Hardware Configuration and Processor Load Impact Software Fault Observability?;285-294;10;Test Assessment 2;
2010;Vojo Bubevski;An Application of Six Sigma and Simulation in Software Testing Risk Assessment.;295-302;8;Testing and Validation 2;
2010;Yi Wei,Serge Gebhardt,Bertrand Meyer,Manuel Oriol;Satisfying Test Preconditions through Guided Object Selection.;303-312;10;Testing and Validation 2;
2010;Elaine J. Weyuker,Robert M. Bell,Thomas J. Ostrand;We're Finding Most of the Bugs, but What are We Missing?.;313-322;10;Testing and Validation 2;
2010;Shekoufeh Kolahdouz Rahimi;Specification of UML Model Transformations.;323-326;4;Ph.D. Symposium 1;
2010;Michael Mlynarski;Holistic Model-Based Testing for Business Information Systems.;327-330;4;Ph.D. Symposium 1;
2010;Diana Vega;Towards an Automated and Dynamically Adaptable Test System for Testing Healthcare Information Systems.;331-334;4;Ph.D. Symposium 1;
2010;Rajwinder Kaur Panesar-Walawege,Mehrdad Sabetzadeh,Lionel C. Briand,Thierry Coq;Characterizing the Chain of Evidence for Software Safety Cases: A Conceptual Model Based on the IEC 61508 Standard.;335-344;10;Testing Safety and Security;
2010;Achim D. Brucker,Lukas Brugger,Paul Kearney,Burkhart Wolff;Verified Firewall Policy Transformations for Test Case Generation.;345-354;10;Testing Safety and Security;
2010;Jussi Kasurinen;Elaborating Software Test Processes and Strategies.;355-358;4;Ph.D. Symposium 2;
2010;Vidar Slatten;Model-Driven Engineering of Dependable Systems.;359-362;4;Ph.D. Symposium 2;
2010;Tien-Dung Cao,Patrick Felix,Richard Castanet,Ismail Berrada;Online Testing Framework for Web Services.;363-372;10;Testing Web Services and Applications;
2010;Francesco De Angelis,Andrea Polini,Guglielmo De Angelis;A Counter-Example Testing Approach for Orchestrated Services.;373-382;10;Testing Web Services and Applications;
2010;Mijung Kim,Saurabh Sinha,Carsten Gorg,Hina Shah,Mary Jean Harrold,Mangala Gowri Nanda;Automated Bug Neighborhood Analysis for Identifying Incomplete Bug Fixes.;383-392;10;Test Assessment 3;
2010;Adnan Causevic,Daniel Sundmark,Sasikumar Punnekkat;An Industrial Survey on Contemporary Aspects of Software Testing.;393-401;9;Test Assessment 3;
2010;Fevzi Belli,Michael Linschulte,Christof J. Budnik,Harald A. Stieber;Fault Detection Likelihood of Test Sequence Length.;402-411;10;Test Assessment 3;
2010;Sigrid Eldh,Joachim Brandt,Mark Street,Hans Hansson,Sasikumar Punnekkat;Towards Fully Automated Test Management for Large Complex Systems.;412-420;9;Test Management and Vulnerabilities Detection;
2010;Thomas Zimmermann 0001,Nachiappan Nagappan,Laurie A. Williams;Searching for a Needle in a Haystack: Predicting Security Vulnerabilities for Windows Vista.;421-428;8;Test Management and Vulnerabilities Detection;
2010;Raul A. Santelices,Mary Jean Harrold,Alessandro Orso;Precisely Detecting Runtime Change Interactions for Evolving Software.;429-438;10;Test Management and Vulnerabilities Detection;
2010;Olivera Pavlovic,Hans-Dieter Ehrich;Model Checking PLC Software Written in Function Block Diagram.;439-448;10;Model Based Testing 3;
2010;Helge Loding,Jan Peleska;Timed Moore Automata: Test Data Generation and Model Checking.;449-458;10;Model Based Testing 3;
2010;Gilles Perrouin,Sagar Sen,Jacques Klein,Benoit Baudry,Yves Le Traon;Automated and Scalable T-wise Test Case Generation Strategies for Software Product Lines.;459-468;10;Model Based Testing 3;
2010;Andrea Arcuri;Longer is Better: On the Role of Test Sequence Length in Software Testing.;469-478;10;Test Assessment 4;
2010;Elisabeth Jobstl,Martin Weiglhofer,Bernhard K. Aichernig,Franz Wotawa;When BDDs Fail: Conformance Testing with Symbolic Execution and SMT Solving.;479-488;10;Test Assessment 4;
2010;Laya Madani,Virginia Papailiopoulou,Ioannis Parissis;Towards a Testing Methodology for Reactive Systems: A Case Study of a Landing Gear Controller.;489-497;9;Testing and Validation 3;
2010;Margus Veanes,Peli de Halleux,Nikolai Tillmann;Rex: Symbolic Regular Expression Explorer.;498-507;10;Testing and Validation 3;
2010;Muhammad-Naeem Irfan;State Machine Inference in Testing Context with Long Counterexamples.;508-511;4;Ph.D. Symposium 3;
2010;Emelie Engstrom;Regression Test Selection and Product Line System Testing.;512-515;4;Ph.D. Symposium 3;
2009;Chen Fu,Mark Grechanik,Qing Xie;Inferring Types of References to GUI Objects in Test Scripts.;1-10;10;GUI Testing;
2009;Penelope A. Brooks,Brian P. Robinson,Atif M. Memon;An Initial Characterization of Industrial Graphical User Interface Systems.;11-20;10;GUI Testing;
2009;Cristiano Bertolini,Glaucia Peres,Marcelo d'Amorim,Alexandre Mota;An Empirical Evaluation of Automated Black Box Testing Techniques for Crashing GUIs.;21-30;10;GUI Testing;
2009;Hendrik Post,Carsten Sinz;Proving Functional Equivalence of Two AES Implementations Using Bounded Model Checking.;31-40;10;Model Checking;
2009;Gordon Fraser,Angelo Gargantini;An Evaluation of Model Checkers for Specification Based Test Case Generation.;41-50;10;Model Checking;
2009;Milos Gligoric,Tihomir Gvero,Steven Lauterburg,Darko Marinov,Sarfraz Khurshid;Optimizing Generation of Object Graphs in Java PathFinder.;51-60;10;Model Checking;
2009;Alexandre David,Kim Guldstrand Larsen,Shuhao Li,Brian Nielsen;Timed Testing under Partial Observability.;61-70;10;Embedded and Real-Time Testing;
2009;Cesar Andres,Mercedes G. Merayo,Manuel Nunez;Passive Testing of Stochastic Timed Systems.;71-80;10;Embedded and Real-Time Testing;
2009;Jurgen Grossmann,Diana Alina Serbanescu,Ina Schieferdecker;Testing Embedded Real Time Systems with TTCN-3.;81-90;10;Embedded and Real-Time Testing;
2009;Fangzhe Chang,Yansong (Jennifer) Ren,Ramesh Viswanathan;Optimal Resource Allocation for Batch Testing.;91-100;10;QA and Test Management;
2009;Jens Nodler,Helmut Neukirchen,Jens Grabowski;A Flexible Framework for Quality Assurance of Software Artefacts with Applications to Java, UML, and TTCN-3 Test Specifications.;101-110;10;QA and Test Management;
2009;Christian Murphy,Gail E. Kaiser,Ian Vo,Matt Chu;Quality Assurance of Software Applications Using the In Vivo Testing Approach.;111-120;10;QA and Test Management;
2009;Aritra Bandyopadhyay,Sudipto Ghosh;Test Input Generation Using UML Sequence and State Machines Models.;121-130;10;Model Based Testing;
2009;Emine Gokce Aydal,Richard F. Paige,Mark Utting,Jim Woodcock;Putting Formal Specifications under the Magnifying Glass: Model-based Testing for Validation.;131-140;10;Model Based Testing;
2009;Fadi Wedyan,Dalal Alrmuny,James M. Bieman;The Effectiveness of Automated Static Analysis Tools for Fault Detection and Refactoring Prediction.;141-150;10;Static Analysis;
2009;Arnaud Gotlieb;Euclide: A Constraint-Based Testing Framework for Critical C Programs.;151-160;10;Static Analysis;
2009;Sarah Smith Heckman,Laurie A. Williams;A Model Building Process for Identifying Actionable Static Analysis Alerts.;161-170;10;Static Analysis;
2009;Tejeddine Mouelhi,Yves Le Traon,Benoit Baudry;Transforming and Selecting Functional Test Cases for Security Policy Testing.;171-180;10;Security Testing;
2009;Michael Gegick,Pete Rotella,Laurie A. Williams;Predicting Attack-prone Components.;181-190;10;Security Testing;
2009;HyunChul Joh,Yashwant K. Malaiya;Seasonal Variation in the Vulnerability Discovery Process.;191-200;10;Security Testing;
2009;Katja Karhu,Tiina Repo,Ossi Taipale,Kari Smolander;Empirical Observations on Software Testing Automation.;201-209;9;Empirical Studies;
2009;Gursimran S. Walia,Jeffrey Carver;Evaluating the Effect of the Number of Naturally Occurring Faults on the Estimates Produced by Capture-Recapture Models.;210-219;10;Empirical Studies;
2009;Negar Koochakzadeh,Vahid Garousi,Frank Maurer;Test Redundancy Measurement Based on Coverage Information: Evaluations and Lessons Learned.;220-229;10;Empirical Studies;
2009;Abdul Salam Kalaji,Robert M. Hierons,Stephen Swift;Generating Feasible Transition Paths for Testing from an Extended Finite State Machine (EFSM).;230-239;10;Test Case Generation;
2009;Sebastien Bardin,Philippe Herrmann;Pruning the Search Space in Path-Based Test Generation.;240-249;10;Test Case Generation;
2009;Junaid Haroon Siddiqui,Sarfraz Khurshid;PKorat: Parallel Generation of Structurally Complex Test Inputs.;250-259;10;Test Case Generation;
2009;Vishal Chowdhary;Practicing Testability in the Real World.;260-268;9;Real World Testing;
2009;Krzysztof Rogoz,Katarzyna Figura;A Test Based Multidimensional Performance Model for a Mission Critical System Server.;269-278;10;Real World Testing;
2009;Erika Regina Campos de Almeida,Bruno Teixeira de Abreu,Regina Lucia de Oliveira Moraes;An Alternative Approach to Test Effort Estimation Based on Use Cases.;279-288;10;Test Management;
2009;Daniel Guerreiro e Silva,Bruno Teixeira de Abreu,Mario Jino;A Simple Approach for Estimation of Execution Effort of Functional Test Cases.;289-298;10;Test Management;
2009;Greger Wikstrand,Robert Feldt,Jeevan Kumar Gorantla,Wang Zhe,Conor White;Dynamic Regression Test Selection Based on a File Cache.;299-302;4;Test Management;
2009;Damiano Angeletti,Enrico Giunchiglia,Massimo Narizzano,Alessandra Puddu,Salvatore Sabina;Automatic Test Generation for Coverage Analysis of ERTMS Software.;303-306;4;Automation;
2009;Roy Patrick Tan,Pooja Nagpal,Shaun Miller;Automated Black Box Testing Tool for a Parallel Programming Library.;307-316;10;Automation;
2009;Reena Mathew,Ryan Spraetz;Test Automation on a SaaS Platform.;317-325;9;Automation;
2009;Cesare Bartolini,Antonia Bertolino,Eda Marchetti,Andrea Polini;WS-TAXI: A WSDL-based Testing Tool for Web Services.;326-335;10;Web Testing;
2009;Xingmin Luo,Fan Ping,Mei-Hwa Chen;Clustering and Tailoring User Session Data for Testing Web Applications.;336-345;10;Web Testing;
2009;William G. J. Halfond,Shauvik Roy Choudhary,Alessandro Orso;Penetration Testing with Improved Input Vector Identification.;346-355;10;Web Testing;
2009;Garrett Kent Kaminski,Paul Ammann;Using Logic Criterion Feasibility to Reduce Test Set Size While Guaranteeing Fault Detection.;356-365;10;Aspects and Faults;
2009;Friedrich Steimann,Mario Bertschler;A Simple Coverage-Based Locator for Multiple Faults.;366-375;10;Aspects and Faults;
2009;Romain Delamare,Benoit Baudry,Sudipto Ghosh,Yves Le Traon;A Test-Driven Approach to Developing Pointcut Descriptors in AspectJ.;376-385;10;Aspects and Faults;
2009;Garrett Kent Kaminski,Paul Ammann;Using a Fault Hierarchy to Improve the Efficiency of DNF Logic Mutation Testing.;386-395;10;Mutation and Non-functional Testing;
2009;Chixiang Zhou,Phyllis G. Frankl;Mutation Testing for Java Database Applications.;396-405;10;Mutation and Non-functional Testing;
2009;James H. Hill,Hamilton A. Turner,James R. Edmondson,Douglas C. Schmidt;Unit Testing Non-functional Concerns of Component-based Distributed Systems.;406-415;10;Mutation and Non-functional Testing;
2009;Andreas Leitner,Alexander Pretschner,Stefan Mori,Bertrand Meyer,Manuel Oriol;On the Effectiveness of Test Extraction without Overhead.;416-425;10;Assertions and Failure States;
2009;Bogdan Korel,Qi Zhang,Li Tao;Assertion-Based Validation of Modified Programs.;426-435;10;Assertions and Failure States;
2009;Christian Murphy,Kuang Shen,Gail E. Kaiser;Using JML Runtime Assertion Checking to Automate Metamorphic Testing in Applications without Test Oracles.;436-445;10;Assertions and Failure States;
2009;Nicolas Wolovick,Pedro R. D'Argenio,Hongyang Qu;Optimizing Probabilities of Real-Time Test Case Execution.;446-455;10;Assertions and Failure States;
2008;Armin Beer,Stefan Mohacsi;Efficient Test Data Generation for Variables with Complex Dependencies.;3-11;9;ICST;
2008;Jaymie Strecker,Atif M. Memon;Relationships between Test Suites, Faults, and Fault Detection in GUI Testing.;12-21;10;ICST;
2008;Sebastien Bardin,Philippe Herrmann;Structural Testing of Executables.;22-31;10;ICST;
2008;Patricia Mouy,Bruno Marre,Nicky Williams,Pascale Le Gall;Generation of All-Paths Unit Test with Function Calls.;32-41;10;ICST;
2008;W. Eric Wong,Tingting Wei,Yu Qi,Lei Zhao;A Crosstab-based Statistical Method for Effective Fault Localization.;42-51;10;ICST;
2008;Fabiano Cutigi Ferrari,Jose Carlos Maldonado,Awais Rashid;Mutation Testing for Aspect-Oriented Programs.;52-61;10;ICST;
2008;Roy Patrick Tan,Stephen Edwards;Evaluating Automated Unit Testing in Sulu.;62-71;10;ICST;
2008;Ilinca Ciupa,Alexander Pretschner,Andreas Leitner,Manuel Oriol,Bertrand Meyer;On the Predictability of Random Tests for Object-Oriented Software.;72-81;10;ICST;
2008;Matthew Kaplan,Tim Klinger,Amit M. Paradkar,Avik Sinha,Clay Williams,Cemal Yilmaz;Less is More: A Minimalistic Approach to UML Model-Based Conformance Test Generation.;82-91;10;ICST;
2008;Vahid Garousi;Traffic-aware Stress Testing of Distributed Real-Time Systems Based on UML Models in the Presence of Time Uncertainty.;92-101;10;ICST;
2008;Cristina Cerschi Seceleanu,Paul Pettersson,Hans Hansson;Scheduling Timed Modules for Correct Resource Sharing.;102-111;10;ICST;
2008;Birgitta Lindstrom,Jeff Offutt,Sten F. Andler;Testability of Dynamic Real-Time Systems: An Empirical Study of Constrained Execution Environment Implications.;112-120;9;ICST;
2008;Alessandro Marchetto,Paolo Tonella,Filippo Ricca;State-Based Testing of Ajax Web Applications.;121-130;10;ICST;
2008;Andrew F. Tappenden,James Miller;A Three-Tiered Testing Strategy for Cookies.;131-140;10;ICST;
2008;Sreedevi Sampath,Renee C. Bryce,Gokulanand Viswanath,Vani Kandimalla,Gunes Koru;Prioritizing User-Session-Based Test Cases for Web Applications Testing.;141-150;10;ICST;
2008;Wishnu Prasetya,Tanja E. J. Vos,Arthur I. Baars;Trace-based Reflexive Testing of OO Programs with T2.;151-160;10;ICST;
2008;Lydie du Bousquet,Muhammad Rabee Shaheen;Relation between Depth of Inheritance Tree and Number of Methods to Test.;161-170;10;ICST;
2008;Clemente Izurieta,James M. Bieman;Testing Consequences of Grime Buildup in Object Oriented Design Patterns.;171-179;9;ICST;
2008;Naoyasu Ubayashi,Jinji Piao,Suguru Shinotsuka,Tetsuo Tamai;Contract-Based Verification for Aspect-Oriented Refactoring.;180-189;10;ICST;
2008;Bo Yu,Liang Kong,Yufeng Zhang,Hong Zhu;Testing Java Components based on Algebraic Specifications.;190-199;10;ICST;
2008;Bin Lei,Linzhang Wang,Xuandong Li;UML Activity Diagram Based Testing of Java Concurrent Programs for Data Race and Inconsistency.;200-209;10;ICST;
2008;Thomas Rings,Helmut Neukirchen,Jens Grabowski;Testing Grid Application Workflows Using TTCN-3.;210-219;10;ICST;
2008;Andy Zaidman,Bart Van Rompaey,Serge Demeyer,Arie van Deursen;Mining Software Repositories to Study Co-Evolution of Production & Test Code.;220-229;10;ICST;
2008;Melanie P. Ware,F. George Wilkie,Mary Shapcott;The Use of Intra-Release Product Measures in Predicting Release Readiness.;230-237;8;ICST;
2008;Yves Le Traon,Tejeddine Mouelhi,Alexander Pretschner,Benoit Baudry;Test-Driven Assessment of Access Control in Legacy Applications.;238-247;10;ICST;
2008;Stefan Wagner 0001,Florian Deissenboeck,Michael Aichner,Johann Wimmer,Markus Schwalb;An Evaluation of Two Bug Pattern Tools for Java.;248-257;10;ICST;
2008;Reinhold Plosch,Harald Gruber,Gustav Pomberger,Matthias Saft,Stefan Schiffer 0001;Tool Support for Expert-Centred Code Assessments.;258-267;10;ICST;
2008;Mark Sherriff,Laurie A. Williams;Empirical Software Change Impact Analysis using Singular Value Decomposition.;268-277;10;ICST;
2008;Siavash Mirarab,Ladan Tahvildari;An Empirical Study on Bayesian Network-based Approach for Test Case Prioritization.;278-287;10;ICST;
2008;Jacqueline A. McQuillan,James F. Power;A Metamodel for the Measurement of Object-Oriented Systems: An Analysis using Alloy.;288-297;10;ICST;
2008;Mark Harman,Nadia Alshahwan;Automated Session Data Repair for Web Application Regression Testing.;298-307;10;ICST;
2008;Khaled El-Fakih,Anton Kolomeez,Svetlana Prokopenko,Nina Yevtushenko;Extended Finite State Machine Based Test Derivation Driven by User Defined Faults.;308-317;10;ICST;
2008;Frederic Boulanger,Cecile Hardebolle;Simulation of Multi-Formalism Models with ModHel'X.;318-327;10;ICST;
2008;Sagar Sen,Benoit Baudry,Jean-Marie Mottu;On Combining Multi-formalism Knowledge to Select Models for Model Transformation Testing.;328-337;10;ICST;
2008;Alexander Pretschner,Tejeddine Mouelhi,Yves Le Traon;Model-Based Tests for Access Control Policies.;338-347;10;ICST;
2008;Hoijin Yoon,Eun Mi Ji,Byoungju Choi;Generating Test Requirements for the Service Connections based on the Layers of SOA.;348-355;8;ICST;
2008;Dimitrios S. Kolovos,Richard F. Paige,Fiona Polack;Detecting and Repairing Inconsistencies across Heterogeneous Models.;356-364;9;ICST;
2008;Bill Hasling,Helmut Goetz,Klaus Beetz;Model Based Testing of System Requirements using UML Use Case Models.;367-376;10;ICST;
2008;Dan Travison,Geoff Staneff;Test Instrumentation and Pattern Matching for Automatic Failure Identification.;377-386;10;ICST;
2008;Jani Metsa,Mika Katara,Tommi Mikkonen;Comparing Aspects with Conventional Techniques for Increasing Testability.;387-395;9;ICST;
2008;Sebastian Wieczorek,Alin Stefanescu,Ina Schieferdecker;Test Data Provision for ERP Systems.;396-403;8;ICST;
2008;Eitan Farchi,Shmuel Ur;Selective Homeworkless Reviews.;404-413;10;ICST;
2008;Bruce Benton;Designing and Building a Software Test Organization.;414-422;9;ICST;
2008;Daniel Larsson,Hakan Bertilsson,Robert Feldt;Challenges and Solutions in Test Staff Relocations within a Software Consultancy Company.;423-431;9;ICST;
2008;Krzysztof Rogoz,Tomasz Padlo;The Role of Stability Testing in Heterogeneous Application Environment.;432-439;8;ICST;
2008;Venkata Raghunath Vemuri;Testing Predictive Software in Mobile Devices.;440-447;8;ICST;
2008;Walter Hargassner,Thomas Hofer,Claus Klammer,Josef Pichler,Gernot Reisinger;A Script-Based Testbed for Mobile Software Frameworks.;448-457;10;ICST;
2008;Debarshi Raha,Mohan Jadhav;Automation Method for Testing XML/DB/XML Layers.;458-464;7;ICST;
2008;Jeff Offutt,Qingxiang Wang,Joann J. Ordille;An Industrial Case Study of Bypass Testing on Web Applications.;465-474;10;ICST;
2008;Moonzoo Kim,Yunja Choi,Yunho Kim,Hotae Kim;Pre-testing Flash Device Driver through Model Checking Techniques.;475-484;10;ICST;
2008;Eckard Bringmann,Andreas Kramer;Model-Based Testing of Automotive Systems.;485-493;9;ICST;
2008;Josef Pichler,Rudolf Ramler;How to Test the Intangible Properties of Graphical User Interfaces?;494-497;4;ICST;
2008;Alexander Lechner,Ruth Breu;Workflow Inspector - A Test Tool for Microsoft Workflow Foundation.;498-501;4;ICST;
2008;Wolfgang Grieskamp,Nicolas Kicillof,Dave MacDonald,Alok Nandan,Keith Stobie,Fred L. Wurden;Model-Based Quality Assurance of Windows Protocol Documentation.;502-506;5;ICST;
2008;Matt Chu,Christian Murphy,Gail E. Kaiser;Distributed In Vivo Testing of Software Applications.;509-512;4;ICST;
2008;Andrea Baruzzo,Marco Comini;A Methodology for UML Models V&V.;513-516;4;ICST;
2008;Stephan Weissleder,Holger Schlingloff;Quality of Automatically Generated Test Cases based on OCL Expressions.;517-520;4;ICST;
2008;Ayla Dantas,Francisco Vilar Brasileiro,Walfredo Cirne;Improving Automated Testing of Multi-threaded Software.;521-524;4;ICST;
2008;Raluca Lefticaru,Florentin Ipate;Functional Search-based Testing from State Machines.;525-528;4;ICST;
2008;Andres J. Ramirez,Betty H. C. Cheng;Verifying and Analyzing Adaptive Logic through UML State Models.;529-532;4;ICST;
2008;Ravidutta Kodre,Hadar Ziv,Debra J. Richardson;Statistical Sampling Based Approach to Alleviate Log Replay Testing.;533-536;4;ICST;
2008;Myoung Kim,Yoonsik Cheon;A Fitness Function to Find Feasible Sequences of Method Calls for Evolutionary Testing of Object-Oriented Programs.;537-540;4;ICST;
2008;Henrique Rebelo,Ricardo Massa Ferreira Lima,Marcio Cornelio,Sergio Soares;A JML Compiler Based on AspectJ.;541-544;4;ICST;
